FlowID,SourceIP,DestinationIP,Protocol,Timestamp,PacketLength,Label
flow_12,172.16.0.9,10.0.0.8,UDP,2024-12-31T21:05:25,1301,DDoS
flow_3,10.0.0.5,192.168.0.10,TCP,2025-01-03T13:28:39,461,DDoS
flow_4,172.16.0.9,10.0.0.8,UDP,2024-12-30T13:32:23,1426,DDoS
flow_13,203.0.113.45,172.16.0.20,TCP,2025-01-03T05:56:09,771,BENIGN
flow_16,172.16.0.9,172.16.0.20,UDP,2025-01-01T17:08:13,825,DDoS
flow_1,203.0.113.45,192.168.0.10,TCP,2025-01-02T03:18:04,1326,BENIGN
flow_15,10.0.0.5,10.0.0.8,TCP,2024-12-30T17:56:59,1175,BENIGN
flow_2,192.168.0.1,172.16.0.20,UDP,2024-12-31T13:14:42,998,BENIGN
flow_3,10.0.0.5,192.168.0.10,TCP,2024-12-30T10:21:57,484,DDoS
flow_10,10.0.0.5,172.16.0.20,TCP,2024-12-30T00:49:57,1524,DDoS
flow_17,192.168.0.1,192.168.0.10,TCP,2025-01-03T11:07:31,713,BENIGN
flow_11,192.168.0.1,192.168.0.10,TCP,2024-12-30T18:04:31,357,BENIGN
flow_0,172.16.0.9,10.0.0.8,TCP,2024-12-29T11:36:15,238,DDoS
flow_16,172.16.0.9,172.16.0.20,UDP,2025-01-01T21:41:24,940,DDoS
flow_13,203.0.113.45,172.16.0.20,TCP,2024-12-31T00:44:07,761,BENIGN
flow_17,192.168.0.1,192.168.0.10,TCP,2025-01-01T22:29:43,637,BENIGN
flow_9,203.0.113.45,192.168.0.10,UDP,2025-01-02T10:07:08,565,BENIGN
flow_5,192.168.0.1,172.16.0.20,TCP,2025-01-03T00:04:44,780,BENIGN
flow_7,10.0.0.5,10.0.0.8,UDP,2024-12-31T02:45:04,849,BENIGN
flow_14,192.168.0.1,192.168.0.10,UDP,2025-01-03T21:41:38,404,DDoS
flow_15,10.0.0.5,10.0.0.8,TCP,2025-01-02T15:57:50,1221,BENIGN
flow_13,203.0.113.45,172.16.0.20,TCP,2024-12-31T10:23:51,847,BENIGN
flow_18,203.0.113.45,10.0.0.8,TCP,2024-12-30T23:32:59,1014,DDoS
flow_16,172.16.0.9,172.16.0.20,UDP,2024-12-31T08:43:23,794,DDoS
flow_3,10.0.0.5,192.168.0.10,TCP,2024-12-29T03:12:32,448,DDoS
flow_12,172.16.0.9,10.0.0.8,UDP,2024-12-30T19:14:52,1154,DDoS
flow_11,192.168.0.1,192.168.0.10,TCP,2024-12-30T17:55:21,402,BENIGN
flow_3,10.0.0.5,192.168.0.10,TCP,2024-12-30T16:53:18,477,DDoS
flow_3,10.0.0.5,192.168.0.10,TCP,2024-12-31T22:01:45,469,DDoS
flow_0,172.16.0.9,10.0.0.8,TCP,2025-01-02T23:36:31,226,DDoS
flow_1,203.0.113.45,192.168.0.10,TCP,2025-01-01T07:35:47,1313,BENIGN
flow_5,192.168.0.1,172.16.0.20,TCP,2025-01-03T14:10:52,747,BENIGN
flow_19,10.0.0.5,172.16.0.20,UDP,2024-12-31T17:11:58,518,BENIGN
flow_17,192.168.0.1,192.168.0.10,TCP,2025-01-01T06:06:43,673,BENIGN
flow_1,203.0.113.45,192.168.0.10,TCP,2024-12-31T04:13:32,1381,BENIGN
flow_8,192.168.0.1,172.16.0.20,TCP,2025-01-03T22:44:22,1010,DDoS
flow_5,192.168.0.1,172.16.0.20,TCP,2025-01-02T10:21:29,695,BENIGN
flow_17,192.168.0.1,192.168.0.10,ICMP,2025-01-01T23:06:16,635,BENIGN
flow_8,192.168.0.1,172.16.0.20,TCP,2024-12-31T03:59:33,1090,DDoS
flow_9,203.0.113.45,192.168.0.10,UDP,2024-12-31T14:22:17,556,BENIGN
flow_12,172.16.0.9,10.0.0.8,UDP,2025-01-03T02:05:34,1231,DDoS
flow_10,10.0.0.5,172.16.0.20,TCP,2024-12-29T01:06:15,1457,DDoS
flow_6,203.0.113.45,192.168.0.10,TCP,2024-12-29T14:20:42,638,DDoS
flow_17,192.168.0.1,192.168.0.10,TCP,2025-01-03T13:10:32,637,BENIGN
flow_16,172.16.0.9,172.16.0.20,UDP,2024-12-31T01:36:24,837,DDoS
flow_9,203.0.113.45,192.168.0.10,UDP,2025-01-02T09:51:57,588,BENIGN
flow_2,192.168.0.1,172.16.0.20,UDP,2025-01-03T05:16:04,996,BENIGN
flow_9,203.0.113.45,192.168.0.10,UDP,2025-01-01T11:42:16,557,BENIGN
flow_17,192.168.0.1,192.168.0.10,TCP,2025-01-01T13:08:49,717,BENIGN
flow_10,10.0.0.5,172.16.0.20,TCP,2024-12-30T03:07:05,1368,DDoS
flow_9,203.0.113.45,192.168.0.10,UDP,2025-01-03T15:17:44,504,BENIGN
flow_3,10.0.0.5,192.168.0.10,TCP,2024-12-31T02:35:38,479,DDoS
flow_18,203.0.113.45,10.0.0.8,TCP,2024-12-30T06:06:39,1008,DDoS
flow_10,10.0.0.5,172.16.0.20,TCP,2025-01-03T12:20:18,1614,DDoS
flow_8,192.168.0.1,172.16.0.20,TCP,2024-12-31T16:59:20,1066,DDoS
flow_10,10.0.0.5,172.16.0.20,TCP,2025-01-02T11:24:44,1410,DDoS
flow_9,203.0.113.45,192.168.0.10,UDP,2025-01-03T13:46:39,516,BENIGN
flow_10,10.0.0.5,172.16.0.20,TCP,01-01-2025 00:10,1440,DDoS
flow_4,172.16.0.9,10.0.0.8,UDP,2025-01-03T19:47:51,1617,DDoS
flow_11,192.168.0.1,192.168.0.10,TCP,2024-12-31T11:36:19,373,BENIGN
flow_6,203.0.113.45,192.168.0.10,TCP,2025-01-03T15:23:03,623,DDoS
flow_8,192.168.0.1,172.16.0.20,TCP,2025-01-03T19:41:41,1001,DDoS
flow_8,192.168.0.1,172.16.0.20,TCP,2024-12-30T04:14:24,982,DDoS
flow_16,172.16.0.9,172.16.0.20,UDP,2024-12-29T17:34:14,856,DDoS
flow_19,10.0.0.5,172.16.0.20,UDP,2024-12-31T19:39:31,505,BENIGN
flow_14,192.168.0.1,192.168.0.10,UDP,2025-01-02T18:31:44,436,DDoS
flow_7,10.0.0.5,10.0.0.8,UDP,2024-12-29T09:43:20,853,BENIGN
flow_8,192.168.0.1,172.16.0.20,TCP,2025-01-03T03:49:28,1009,DDoS
flow_5,192.168.0.1,172.16.0.20,TCP,2024-12-30T19:35:49,719,BENIGN
flow_7,10.0.0.5,10.0.0.8,UDP,2024-12-31T10:07:52,772,BENIGN
flow_18,203.0.113.45,10.0.0.8,TCP,2025-01-01T14:29:33,1019,DDoS
flow_9,203.0.113.45,192.168.0.10,UDP,2024-12-29T09:16:09,538,BENIGN
flow_14,192.168.0.1,192.168.0.10,UDP,2025-01-01T07:05:44,402,DDoS
flow_15,10.0.0.5,10.0.0.8,TCP,2024-12-29T02:00:49,1257,BENIGN
flow_4,172.16.0.9,10.0.0.8,UDP,2025-01-01T03:42:13,1399,DDoS
flow_17,192.168.0.1,192.168.0.10,TCP,2024-12-31T01:44:51,677,BENIGN
flow_0,172.16.0.9,10.0.0.8,TCP,2024-12-31T03:42:12,227,DDoS
flow_10,10.0.0.5,172.16.0.20,TCP,2025-01-01T10:03:55,1420,DDoS
flow_9,203.0.113.45,192.168.0.10,UDP,2024-12-30T08:18:13,515,BENIGN
flow_13,203.0.113.45,172.16.0.20,TCP,2025-01-01T15:52:31,804,BENIGN
flow_1,203.0.113.45,192.168.0.10,HTTP,2024-12-30T02:57:25,1299,BENIGN
flow_5,192.168.0.1,172.16.0.20,TCP,2025-01-02T00:43:30,799,BENIGN
flow_15,10.0.0.5,10.0.0.8,TCP,2024-12-30T18:10:23,1146,BENIGN
flow_11,192.168.0.1,192.168.0.10,TCP,2025-01-01T06:15:59,341,BENIGN
flow_12,172.16.0.9,10.0.0.8,UDP,2025-01-03T06:26:46,1295,DDoS
flow_5,192.168.0.1,172.16.0.20,TCP,2024-12-31T13:59:49,666,BENIGN
flow_3,10.0.0.5,192.168.0.10,TCP,2025-01-01T16:24:33,479,DDoS
flow_11,192.168.0.1,192.168.0.10,TCP,2024-12-29T10:45:35,359,BENIGN
flow_9,203.0.113.45,192.168.0.10,UDP,2025-01-03T08:07:32,526,BENIGN
flow_8,192.168.0.1,172.16.0.20,TCP,2025-01-03T09:10:29,954,DDoS
flow_11,192.168.0.1,192.168.0.10,TCP,2024-12-31T08:21:08,330,BENIGN
flow_5,192.168.0.1,172.16.0.20,TCP,2024-12-29T12:04:23,739,BENIGN
flow_2,192.168.0.1,172.16.0.20,UDP,2024-12-30T20:25:59,949,BENIGN
flow_11,192.168.0.1,192.168.0.10,TCP,2024-12-29T10:51:53,340,BENIGN
flow_2,192.168.0.1,172.16.0.20,UDP,2025-01-03T05:03:33,1060,BENIGN
flow_7,10.0.0.5,10.0.0.8,UDP,2025-01-03T19:55:26,834,BENIGN
flow_7,10.0.0.5,10.0.0.8,UDP,2024-12-29T04:24:34,830,BENIGN
flow_12,172.16.0.9,10.0.0.8,UDP,2025-01-03T19:46:50,1322,DDoS
flow_14,192.168.0.1,192.168.0.10,UDP,2024-12-30T00:47:55,409,DDoS
flow_7,10.0.0.5,10.0.0.8,UDP,2024-12-29T03:44:11,854,BENIGN
flow_14,192.168.0.1,192.168.0.10,UDP,2025-01-02T22:57:51,424,DDoS
flow_8,192.168.0.1,172.16.0.20,TCP,2025-01-01T16:32:15,1043,DDoS
flow_6,203.0.113.45,192.168.0.10,TCP,2025-01-02T20:28:03,597,DDoS
flow_1,203.0.113.45,192.168.0.10,TCP,2024-12-31T14:21:52,1379,BENIGN
flow_2,192.168.0.1,172.16.0.20,UDP,2025-01-03T18:21:11,986,BENIGN
flow_16,172.16.0.9,172.16.0.20,UDP,2025-01-03T02:29:33,908,DDoS
flow_16,172.16.0.9,172.16.0.20,UDP,2024-12-30T01:09:01,933,DDoS
flow_16,172.16.0.9,172.16.0.20,UDP,2024-12-31T12:00:39,861,DDoS
flow_12,172.16.0.9,10.0.0.8,UDP,2025-01-02T06:22:45,1340,DDoS
flow_6,203.0.113.45,192.168.0.10,TCP,2025-01-02T19:12:52,656,DDoS
flow_16,172.16.0.9,172.16.0.20,UDP,2024-12-30T21:27:38,896,DDoS
flow_1,203.0.113.45,192.168.0.10,TCP,2024-12-31T21:25:54,1286,BENIGN
flow_17,192.168.0.1,192.168.0.10,TCP,2024-12-30T08:19:14,642,BENIGN
flow_17,192.168.0.1,192.168.0.10,TCP,2024-12-29T15:33:10,577,BENIGN
flow_11,192.168.0.1,192.168.0.10,TCP,2025-01-01T00:05:00,353,BENIGN
flow_8,192.168.0.1,172.16.0.20,HTTPS,2024-12-29T20:45:34,1041,DDoS
flow_5,192.168.0.1,172.16.0.20,TCP,2024-12-29T18:33:14,728,BENIGN
flow_6,203.0.113.45,192.168.0.10,TCP,2025-01-04T00:00:43,638,DDoS
flow_10,10.0.0.5,172.16.0.20,TCP,2024-12-29T11:51:10,1428,DDoS
flow_5,192.168.0.1,172.16.0.20,TCP,2024-12-29T21:39:08,679,BENIGN
flow_11,192.168.0.1,192.168.0.10,TCP,2025-01-02T14:00:26,380,BENIGN
flow_6,203.0.113.45,192.168.0.10,TCP,2025-01-01T03:11:15,624,DDoS
flow_6,203.0.113.45,192.168.0.10,TCP,2025-01-02T16:41:49,630,DDoS
flow_17,192.168.0.1,192.168.0.10,TCP,2024-12-31T07:39:07,696,BENIGN
flow_15,10.0.0.5,10.0.0.8,TCP,2024-12-29T12:27:46,1232,BENIGN
flow_8,192.168.0.1,172.16.0.20,TCP,2024-12-29T18:59:56,1086,DDoS
flow_0,172.16.0.9,10.0.0.8,TCP,2025-01-02T14:54:28,213,DDoS
flow_1,203.0.113.45,192.168.0.10,TCP,2024-12-29T23:55:46,1382,BENIGN
flow_13,203.0.113.45,172.16.0.20,HTTP,2024-12-29T11:16:02,797,BENIGN
flow_12,172.16.0.9,10.0.0.8,UDP,2024-12-29T21:47:29,1136,DDoS
flow_9,203.0.113.45,192.168.0.10,UDP,2024-12-29T17:26:45,536,BENIGN
flow_12,172.16.0.9,10.0.0.8,UDP,2024-12-29T07:20:02,1301,DDoS
flow_19,10.0.0.5,172.16.0.20,UDP,2025-01-02T16:43:13,483,BENIGN
flow_15,10.0.0.5,10.0.0.8,TCP,2025-01-01T21:58:01,1203,BENIGN
flow_12,172.16.0.9,10.0.0.8,UDP,2024-12-31T15:23:25,1338,DDoS
flow_9,203.0.113.45,192.168.0.10,UDP,2024-12-31T16:51:29,549,BENIGN
flow_1,203.0.113.45,192.168.0.10,TCP,2025-01-01T02:03:53,1413,BENIGN
flow_8,192.168.0.1,172.16.0.20,TCP,2025-01-02T06:52:28,1030,DDoS
flow_12,172.16.0.9,10.0.0.8,UDP,2024-12-30T08:55:20,1304,DDoS
flow_14,192.168.0.1,192.168.0.10,UDP,2025-01-03T15:24:53,470,DDoS
flow_16,172.16.0.9,172.16.0.20,UDP,2025-01-02T22:35:16,838,DDoS
flow_18,203.0.113.45,10.0.0.8,TCP,2024-12-30T23:08:57,1004,DDoS
flow_6,203.0.113.45,192.168.0.10,TCP,2025-01-03T14:29:48,625,DDoS
flow_9,203.0.113.45,192.168.0.10,UDP,2024-12-29T23:58:48,518,BENIGN
flow_14,192.168.0.1,192.168.0.10,UDP,2025-01-03T11:37:46,428,DDoS
flow_17,192.168.0.1,192.168.0.10,TCP,2024-12-30T20:36:40,646,BENIGN
flow_4,172.16.0.9,10.0.0.8,UDP,2025-01-03T05:43:41,1504,DDoS
flow_1,203.0.113.45,192.168.0.10,TCP,2025-01-01T19:23:25,1396,BENIGN
flow_5,192.168.0.1,172.16.0.20,TCP,2024-12-31T00:43:51,737,BENIGN
flow_13,203.0.113.45,172.16.0.20,TCP,2024-12-29T14:10:53,703,BENIGN
flow_1,203.0.113.45,192.168.0.10,ICMP,2025-01-03T12:56:49,1347,BENIGN
flow_11,192.168.0.1,192.168.0.10,TCP,2025-01-03T11:18:54,370,BENIGN
flow_14,192.168.0.1,192.168.0.10,UDP,2025-01-03T03:15:57,435,DDoS
flow_15,10.0.0.5,10.0.0.8,TCP,2025-01-02T04:57:59,1156,BENIGN
flow_10,10.0.0.5,172.16.0.20,TCP,2025-01-03T10:16:30,1516,DDoS
flow_8,192.168.0.1,172.16.0.20,TCP,2025-01-03T07:01:38,959,DDoS
flow_11,192.168.0.1,192.168.0.10,TCP,2024-12-30T04:30:51,361,BENIGN
flow_8,192.168.0.1,172.16.0.20,TCP,2025-01-01T07:00:52,986,DDoS
flow_7,10.0.0.5,10.0.0.8,UDP,2025-01-01T21:41:40,787,BENIGN
flow_8,192.168.0.1,172.16.0.20,TCP,2024-12-30T02:45:25,1040,DDoS
flow_12,172.16.0.9,10.0.0.8,UDP,2025-01-03T08:04:49,1242,DDoS
flow_12,172.16.0.9,10.0.0.8,UDP,2024-12-29T14:27:41,1295,DDoS
flow_4,172.16.0.9,10.0.0.8,UDP,2025-01-03T18:15:39,1390,DDoS
flow_12,172.16.0.9,10.0.0.8,UDP,2025-01-03T12:49:04,1327,DDoS
flow_9,203.0.113.45,192.168.0.10,UDP,2025-01-01T06:39:34,506,BENIGN
flow_17,192.168.0.1,192.168.0.10,TCP,2025-01-02T09:08:49,602,BENIGN
flow_8,192.168.0.1,172.16.0.20,TCP,2024-12-30T14:20:55,961,DDoS
flow_14,192.168.0.1,192.168.0.10,UDP,2025-01-03T10:23:39,432,DDoS
flow_2,192.168.0.1,172.16.0.20,UDP,2025-01-01T03:12:11,922,BENIGN
flow_16,172.16.0.9,172.16.0.20,UDP,2024-12-29T19:08:46,905,DDoS
flow_18,203.0.113.45,10.0.0.8,TCP,2025-01-03T08:04:43,999,DDoS
flow_9,203.0.113.45,192.168.0.10,UDP,2024-12-29T09:14:19,505,BENIGN
flow_9,203.0.113.45,192.168.0.10,UDP,2025-01-01T13:16:28,584,BENIGN
flow_18,203.0.113.45,10.0.0.8,TCP,2025-01-03T11:49:36,963,DDoS
flow_17,192.168.0.1,192.168.0.10,TCP,2024-12-31T18:00:19,654,BENIGN
flow_4,172.16.0.9,10.0.0.8,UDP,2024-12-30T00:51:30,1403,DDoS
flow_3,10.0.0.5,192.168.0.10,TCP,2024-12-30T02:42:56,489,DDoS
flow_16,172.16.0.9,172.16.0.20,UDP,2024-12-30T21:16:36,879,DDoS
flow_12,172.16.0.9,10.0.0.8,TCP,2024-12-30T10:24:18,1297,DDoS
flow_7,10.0.0.5,10.0.0.8,UDP,2024-12-30T12:19:14,779,BENIGN
flow_11,192.168.0.1,192.168.0.10,TCP,2025-01-03T11:34:33,372,BENIGN
flow_7,10.0.0.5,10.0.0.8,UDP,2024-12-30T04:53:17,829,BENIGN
flow_11,192.168.0.1,192.168.0.10,TCP,2024-12-30T20:09:29,368,BENIGN
flow_0,172.16.0.9,10.0.0.8,TCP,2024-12-31T03:57:24,237,DDoS
flow_2,192.168.0.1,172.16.0.20,UDP,2024-12-30T21:42:04,889,BENIGN
flow_11,192.168.0.1,192.168.0.10,TCP,2024-12-31T19:17:06,366,BENIGN
flow_0,172.16.0.9,10.0.0.8,TCP,2025-01-02T06:53:19,252,DDoS
flow_15,10.0.0.5,10.0.0.8,TCP,2025-01-02T11:01:59,1219,BENIGN
flow_4,172.16.0.9,10.0.0.8,ICMP,2025-01-03T05:48:47,1401,DDoS
flow_3,10.0.0.5,192.168.0.10,TCP,2025-01-02T10:14:23,444,DDoS
flow_11,192.168.0.1,192.168.0.10,TCP,2025-01-03T04:05:30,393,BENIGN
flow_15,10.0.0.5,10.0.0.8,TCP,2024-12-29T02:24:32,1096,BENIGN
flow_0,172.16.0.9,10.0.0.8,TCP,2025-01-03T04:31:35,230,DDoS
flow_6,203.0.113.45,192.168.0.10,TCP,2024-12-31T08:37:49,688,DDoS
flow_9,203.0.113.45,192.168.0.10,UDP,2024-12-31T12:40:07,571,BENIGN
flow_13,203.0.113.45,172.16.0.20,TCP,2025-01-02T04:53:45,777,BENIGN
flow_7,10.0.0.5,10.0.0.8,UDP,2025-01-03T15:28:45,835,BENIGN
flow_19,10.0.0.5,172.16.0.20,UDP,2024-12-31T05:34:39,564,BENIGN
flow_18,203.0.113.45,10.0.0.8,TCP,2024-12-29T10:57:58,927,DDoS
flow_1,203.0.113.45,192.168.0.10,TCP,2024-12-29T21:50:18,1230,BENIGN
flow_3,10.0.0.5,192.168.0.10,TCP,2024-12-29T06:21:27,480,DDoS
flow_12,172.16.0.9,10.0.0.8,UDP,2024-12-31T23:22:52,1316,DDoS
flow_18,203.0.113.45,10.0.0.8,TCP,2024-12-29T02:58:53,1013,DDoS
flow_12,172.16.0.9,10.0.0.8,UDP,2024-12-30T11:12:39,1301,DDoS
flow_7,10.0.0.5,10.0.0.8,UDP,2025-01-03T00:33:22,834,BENIGN
flow_18,203.0.113.45,10.0.0.8,TCP,2025-01-01T11:37:11,974,DDoS
flow_16,172.16.0.9,172.16.0.20,UDP,2024-12-30T04:03:52,874,DDoS
flow_9,203.0.113.45,192.168.0.10,UDP,2024-12-29T13:34:59,600,BENIGN
flow_10,10.0.0.5,172.16.0.20,TCP,2024-12-30T05:14:07,1409,DDoS
flow_19,10.0.0.5,172.16.0.20,UDP,2024-12-31T02:02:12,526,BENIGN
flow_12,172.16.0.9,10.0.0.8,UDP,2024-12-31T19:27:48,1214,DDoS
flow_2,192.168.0.1,172.16.0.20,UDP,2025-01-02T15:32:08,989,BENIGN
flow_8,192.168.0.1,172.16.0.20,TCP,2025-01-01T03:44:48,1040,DDoS
flow_2,192.168.0.1,172.16.0.20,UDP,2025-01-03T01:36:17,964,BENIGN
flow_3,10.0.0.5,192.168.0.10,TCP,2025-01-01T17:27:06,451,DDoS
flow_18,203.0.113.45,10.0.0.8,TCP,2024-12-30T12:04:13,886,DDoS
flow_8,192.168.0.1,172.16.0.20,TCP,2025-01-01T23:33:26,1004,DDoS
flow_2,192.168.0.1,172.16.0.20,UDP,2024-12-30T19:08:40,886,BENIGN
flow_0,172.16.0.9,10.0.0.8,TCP,2025-01-01T01:06:44,251,DDoS
flow_0,172.16.0.9,10.0.0.8,TCP,2025-01-01T09:17:43,243,DDoS
flow_8,192.168.0.1,172.16.0.20,TCP,2025-01-03T21:08:30,1022,DDoS
flow_1,203.0.113.45,192.168.0.10,TCP,2025-01-01T15:37:26,1462,BENIGN
flow_12,172.16.0.9,10.0.0.8,UDP,2024-12-29T21:40:57,1240,DDoS
flow_5,192.168.0.1,172.16.0.20,TCP,2024-12-29T23:18:23,725,BENIGN
flow_8,192.168.0.1,172.16.0.20,TCP,2025-01-01T09:46:27,1063,DDoS
flow_2,192.168.0.1,172.16.0.20,UDP,01-01-2025 00:02,950,BENIGN
flow_15,10.0.0.5,10.0.0.8,TCP,2024-12-30T03:53:11,1247,BENIGN
flow_9,203.0.113.45,192.168.0.10,UDP,2024-12-30T19:46:03,587,BENIGN
flow_13,203.0.113.45,172.16.0.20,TCP,2025-01-01T06:25:19,818,BENIGN
flow_4,172.16.0.9,10.0.0.8,UDP,2025-01-01T07:34:41,1393,DDoS
flow_9,203.0.113.45,192.168.0.10,UDP,2025-01-01T19:55:25,555,BENIGN
flow_17,192.168.0.1,192.168.0.10,TCP,2025-01-01T10:55:01,695,BENIGN
flow_9,203.0.113.45,192.168.0.10,UDP,2024-12-29T13:43:37,591,BENIGN
flow_0,172.16.0.9,10.0.0.8,TCP,2025-01-03T11:29:38,249,DDoS
flow_19,10.0.0.5,172.16.0.20,UDP,2025-01-02T00:46:11,530,BENIGN
flow_13,203.0.113.45,172.16.0.20,TCP,2024-12-31T05:33:46,794,BENIGN
flow_1,203.0.113.45,192.168.0.10,TCP,2025-01-03T03:35:12,1317,BENIGN
flow_8,192.168.0.1,172.16.0.20,TCP,2024-12-29T17:19:37,987,DDoS
flow_9,203.0.113.45,192.168.0.10,UDP,2024-12-31T04:41:54,539,BENIGN
flow_13,203.0.113.45,172.16.0.20,TCP,2025-01-01T02:45:35,844,BENIGN
flow_3,10.0.0.5,192.168.0.10,TCP,01-01-2025 00:03,470,DDoS
flow_19,10.0.0.5,172.16.0.20,UDP,2025-01-03T03:18:36,488,BENIGN
flow_2,192.168.0.1,172.16.0.20,UDP,2025-01-02T10:05:59,884,BENIGN
flow_17,192.168.0.1,192.168.0.10,TCP,2024-12-30T20:16:21,660,BENIGN
flow_13,203.0.113.45,172.16.0.20,TCP,2025-01-03T08:01:36,775,BENIGN
flow_2,192.168.0.1,172.16.0.20,UDP,2024-12-29T08:00:36,961,BENIGN
flow_18,203.0.113.45,10.0.0.8,TCP,2024-12-31T18:30:56,889,DDoS
flow_16,172.16.0.9,172.16.0.20,UDP,2025-01-03T15:03:24,910,DDoS
flow_9,203.0.113.45,192.168.0.10,UDP,2024-12-31T05:01:41,544,BENIGN
flow_18,203.0.113.45,10.0.0.8,TCP,2024-12-31T08:11:49,1025,DDoS
flow_1,203.0.113.45,192.168.0.10,TCP,2024-12-29T00:46:51,1327,BENIGN
flow_10,10.0.0.5,172.16.0.20,TCP,2025-01-03T11:47:08,1392,DDoS
flow_5,192.168.0.1,172.16.0.20,TCP,2025-01-02T08:53:53,709,BENIGN
flow_16,172.16.0.9,172.16.0.20,UDP,2025-01-01T09:20:29,849,DDoS
flow_14,192.168.0.1,192.168.0.10,TCP,2024-12-29T09:57:21,440,DDoS
flow_14,192.168.0.1,192.168.0.10,UDP,2024-12-29T23:19:05,454,DDoS
flow_10,10.0.0.5,172.16.0.20,TCP,2025-01-01T04:23:56,1448,DDoS
flow_0,172.16.0.9,10.0.0.8,TCP,2024-12-29T04:53:00,242,DDoS
flow_2,192.168.0.1,172.16.0.20,UDP,2024-12-30T08:28:34,857,BENIGN
flow_5,192.168.0.1,172.16.0.20,TCP,01-01-2025 00:05,725,BENIGN
flow_2,192.168.0.1,172.16.0.20,UDP,2025-01-03T04:01:57,955,BENIGN
flow_12,172.16.0.9,10.0.0.8,UDP,2025-01-01T11:41:00,1357,DDoS
flow_18,203.0.113.45,10.0.0.8,TCP,2025-01-02T10:37:07,937,DDoS
flow_6,203.0.113.45,192.168.0.10,TCP,2024-12-30T22:32:19,565,DDoS
flow_14,192.168.0.1,192.168.0.10,UDP,2025-01-02T08:38:54,433,DDoS
flow_16,172.16.0.9,172.16.0.20,UDP,2024-12-30T05:43:47,939,DDoS
flow_18,203.0.113.45,10.0.0.8,TCP,2025-01-01T03:23:16,1001,DDoS
flow_19,10.0.0.5,172.16.0.20,UDP,2024-12-31T00:43:09,522,BENIGN
flow_17,192.168.0.1,192.168.0.10,TCP,2024-12-31T01:22:17,676,BENIGN
flow_0,172.16.0.9,10.0.0.8,TCP,2024-12-29T19:55:09,231,DDoS
flow_13,203.0.113.45,172.16.0.20,TCP,2024-12-30T05:51:16,844,BENIGN
flow_14,192.168.0.1,192.168.0.10,UDP,2025-01-02T19:43:30,436,DDoS
flow_16,172.16.0.9,172.16.0.20,UDP,2024-12-29T12:42:19,900,DDoS
flow_8,192.168.0.1,172.16.0.20,TCP,2024-12-29T22:31:00,1144,DDoS
flow_9,203.0.113.45,192.168.0.10,UDP,2025-01-02T05:40:26,545,BENIGN
flow_9,203.0.113.45,192.168.0.10,UDP,01-01-2025 00:09,555,BENIGN
flow_0,172.16.0.9,10.0.0.8,TCP,2024-12-29T23:34:48,224,DDoS
flow_15,10.0.0.5,10.0.0.8,TCP,2025-01-02T06:53:09,1168,BENIGN
flow_16,172.16.0.9,172.16.0.20,UDP,2025-01-03T07:53:35,940,DDoS
flow_19,10.0.0.5,172.16.0.20,UDP,2024-12-30T14:08:59,429,BENIGN
flow_0,172.16.0.9,10.0.0.8,TCP,2025-01-03T01:08:12,236,DDoS
flow_5,192.168.0.1,172.16.0.20,TCP,2024-12-30T14:00:03,740,BENIGN
flow_12,172.16.0.9,10.0.0.8,UDP,2024-12-31T10:56:37,1271,DDoS
flow_19,10.0.0.5,172.16.0.20,UDP,2024-12-29T07:47:31,507,BENIGN
flow_6,203.0.113.45,192.168.0.10,TCP,2024-12-31T08:28:35,642,DDoS
flow_19,10.0.0.5,172.16.0.20,UDP,2025-01-03T11:42:32,476,BENIGN
flow_2,192.168.0.1,172.16.0.20,UDP,2024-12-30T13:15:46,981,BENIGN
flow_11,192.168.0.1,192.168.0.10,TCP,2025-01-03T16:20:17,353,BENIGN
flow_14,192.168.0.1,192.168.0.10,UDP,2024-12-31T05:54:08,442,DDoS
flow_3,10.0.0.5,192.168.0.10,TCP,2024-12-31T23:13:30,466,DDoS
flow_11,192.168.0.1,192.168.0.10,TCP,2025-01-03T13:56:02,329,BENIGN
flow_5,192.168.0.1,172.16.0.20,TCP,2025-01-03T07:42:55,743,BENIGN
flow_17,192.168.0.1,192.168.0.10,TCP,2024-12-30T09:12:29,682,BENIGN
flow_15,10.0.0.5,10.0.0.8,TCP,2025-01-03T15:36:37,1188,BENIGN
flow_1,203.0.113.45,192.168.0.10,TCP,2025-01-03T15:20:17,1282,BENIGN
flow_7,10.0.0.5,10.0.0.8,UDP,2024-12-29T20:13:20,862,BENIGN
flow_16,172.16.0.9,172.16.0.20,UDP,2025-01-02T06:26:49,974,DDoS
flow_13,203.0.113.45,172.16.0.20,TCP,2024-12-31T12:30:29,805,BENIGN
flow_7,10.0.0.5,10.0.0.8,UDP,01-01-2025 00:07,830,BENIGN
flow_7,10.0.0.5,10.0.0.8,UDP,2024-12-29T15:26:27,836,BENIGN
flow_7,10.0.0.5,10.0.0.8,UDP,2025-01-01T08:19:29,853,BENIGN
flow_16,172.16.0.9,172.16.0.20,UDP,2024-12-31T14:24:19,893,DDoS
flow_6,203.0.113.45,192.168.0.10,TCP,2025-01-02T23:37:21,667,DDoS
flow_2,192.168.0.1,172.16.0.20,UDP,2024-12-31T20:23:06,938,BENIGN
flow_8,192.168.0.1,172.16.0.20,TCP,2025-01-01T17:05:37,1049,DDoS
flow_3,10.0.0.5,192.168.0.10,TCP,2025-01-02T13:14:44,494,DDoS
flow_5,192.168.0.1,172.16.0.20,TCP,2025-01-01T05:20:56,716,BENIGN
flow_10,10.0.0.5,172.16.0.20,TCP,2025-01-02T01:47:40,1423,DDoS
flow_12,172.16.0.9,10.0.0.8,UDP,2025-01-01T11:29:15,1256,DDoS
flow_1,203.0.113.45,192.168.0.10,TCP,2025-01-03T02:11:00,1421,BENIGN
flow_3,10.0.0.5,192.168.0.10,TCP,2024-12-31T16:46:57,476,DDoS
flow_9,203.0.113.45,192.168.0.10,UDP,2024-12-30T10:08:00,561,BENIGN
flow_14,192.168.0.1,192.168.0.10,UDP,2024-12-30T17:08:12,414,DDoS
flow_4,172.16.0.9,10.0.0.8,UDP,2024-12-29T06:06:30,1517,DDoS
flow_1,203.0.113.45,192.168.0.10,TCP,2025-01-01T14:02:29,1355,BENIGN
flow_4,172.16.0.9,10.0.0.8,UDP,2025-01-01T09:49:53,1485,DDoS
flow_8,192.168.0.1,172.16.0.20,TCP,2025-01-02T01:22:38,946,DDoS
flow_13,203.0.113.45,172.16.0.20,TCP,2024-12-29T13:16:36,779,BENIGN
flow_5,192.168.0.1,172.16.0.20,TCP,2025-01-02T12:21:57,695,BENIGN
flow_4,172.16.0.9,10.0.0.8,UDP,2024-12-30T13:23:12,1535,DDoS
flow_13,203.0.113.45,172.16.0.20,TCP,2024-12-30T08:23:19,776,BENIGN
flow_17,192.168.0.1,192.168.0.10,TCP,2025-01-03T17:15:19,679,BENIGN
flow_6,203.0.113.45,192.168.0.10,TCP,2024-12-31T16:05:28,692,DDoS
flow_6,203.0.113.45,192.168.0.10,TCP,2024-12-31T03:56:21,672,DDoS
flow_13,203.0.113.45,172.16.0.20,TCP,2025-01-01T08:53:00,783,BENIGN
flow_6,203.0.113.45,192.168.0.10,TCP,2025-01-01T13:29:08,687,DDoS
flow_7,10.0.0.5,10.0.0.8,UDP,2025-01-02T02:18:20,850,BENIGN
flow_0,172.16.0.9,10.0.0.8,TCP,2025-01-03T19:56:23,249,DDoS
flow_11,192.168.0.1,192.168.0.10,TCP,2024-12-31T12:04:05,349,BENIGN
flow_6,203.0.113.45,192.168.0.10,TCP,2025-01-02T19:25:38,690,DDoS
flow_7,10.0.0.5,10.0.0.8,UDP,2025-01-02T06:59:07,861,BENIGN
flow_14,192.168.0.1,192.168.0.10,UDP,2024-12-31T01:07:05,445,DDoS
flow_16,172.16.0.9,172.16.0.20,UDP,2025-01-02T09:52:43,899,DDoS
flow_0,172.16.0.9,10.0.0.8,TCP,2024-12-31T02:22:12,236,DDoS
flow_0,172.16.0.9,10.0.0.8,TCP,01-01-2025 00:00,233,DDoS
flow_16,172.16.0.9,172.16.0.20,UDP,2025-01-01T22:13:45,804,DDoS
flow_8,192.168.0.1,172.16.0.20,TCP,2024-12-29T14:40:56,948,DDoS
flow_11,192.168.0.1,192.168.0.10,TCP,2024-12-30T15:57:25,338,BENIGN
flow_10,10.0.0.5,172.16.0.20,TCP,2025-01-01T10:01:32,1486,DDoS
flow_9,203.0.113.45,192.168.0.10,UDP,2025-01-03T23:58:53,476,BENIGN
flow_12,172.16.0.9,10.0.0.8,UDP,2024-12-29T22:37:44,1256,DDoS
flow_6,203.0.113.45,192.168.0.10,TCP,2025-01-01T05:41:09,637,DDoS
flow_4,172.16.0.9,10.0.0.8,UDP,2025-01-01T11:18:04,1560,DDoS
flow_7,10.0.0.5,10.0.0.8,UDP,2024-12-30T18:52:00,885,BENIGN
flow_15,10.0.0.5,10.0.0.8,TCP,2025-01-02T22:30:26,1280,BENIGN
flow_16,172.16.0.9,172.16.0.20,UDP,2025-01-02T15:39:23,876,DDoS
flow_15,10.0.0.5,10.0.0.8,TCP,2025-01-02T09:12:28,1191,BENIGN
flow_12,172.16.0.9,10.0.0.8,UDP,2024-12-29T08:54:59,1276,DDoS
flow_12,172.16.0.9,10.0.0.8,UDP,2024-12-29T03:48:52,1258,DDoS
flow_12,172.16.0.9,10.0.0.8,UDP,2024-12-31T17:10:01,1225,DDoS
flow_9,203.0.113.45,192.168.0.10,UDP,2025-01-01T16:56:48,560,BENIGN
flow_0,172.16.0.9,10.0.0.8,TCP,2024-12-31T17:55:35,256,DDoS
flow_15,10.0.0.5,10.0.0.8,TCP,2025-01-02T10:40:50,1250,BENIGN
flow_4,172.16.0.9,10.0.0.8,UDP,2024-12-31T04:26:10,1469,DDoS
flow_9,203.0.113.45,192.168.0.10,UDP,2025-01-03T00:58:13,584,BENIGN
flow_2,192.168.0.1,172.16.0.20,UDP,2024-12-29T13:43:37,1038,BENIGN
flow_17,192.168.0.1,192.168.0.10,TCP,2025-01-01T21:17:28,661,BENIGN
flow_12,172.16.0.9,10.0.0.8,UDP,2025-01-03T08:41:49,1377,DDoS
flow_10,10.0.0.5,172.16.0.20,TCP,2024-12-30T05:56:52,1395,DDoS
flow_14,192.168.0.1,192.168.0.10,UDP,2024-12-29T21:30:50,452,DDoS
flow_7,10.0.0.5,10.0.0.8,UDP,2024-12-31T18:55:04,913,BENIGN
flow_1,203.0.113.45,192.168.0.10,TCP,2024-12-29T13:31:29,1330,BENIGN
flow_10,10.0.0.5,172.16.0.20,TCP,2025-01-01T13:08:15,1391,DDoS
flow_3,10.0.0.5,192.168.0.10,HTTPS,2025-01-01T11:25:21,471,DDoS
flow_1,203.0.113.45,192.168.0.10,TCP,2025-01-03T02:34:46,1275,BENIGN
flow_2,192.168.0.1,172.16.0.20,UDP,2025-01-02T16:07:14,933,BENIGN
flow_13,203.0.113.45,172.16.0.20,UDP,2025-01-01T15:33:08,807,BENIGN
flow_18,203.0.113.45,10.0.0.8,TCP,2025-01-02T15:28:59,952,DDoS
flow_15,10.0.0.5,10.0.0.8,TCP,2025-01-01T07:45:52,1201,BENIGN
flow_7,10.0.0.5,10.0.0.8,UDP,2024-12-30T01:15:27,793,BENIGN
flow_6,203.0.113.45,192.168.0.10,TCP,2024-12-30T02:31:43,605,DDoS
flow_18,203.0.113.45,10.0.0.8,TCP,2024-12-30T19:59:56,1013,DDoS
flow_19,10.0.0.5,172.16.0.20,UDP,2024-12-29T12:56:48,520,BENIGN
flow_4,172.16.0.9,10.0.0.8,UDP,2025-01-03T15:30:44,1509,DDoS
flow_6,203.0.113.45,192.168.0.10,TCP,01-01-2025 00:06,640,DDoS
flow_4,172.16.0.9,10.0.0.8,UDP,2024-12-31T19:53:23,1424,DDoS
flow_7,10.0.0.5,10.0.0.8,UDP,2025-01-01T09:49:45,819,BENIGN
flow_15,10.0.0.5,10.0.0.8,UDP,2025-01-03T20:40:20,1170,BENIGN
flow_5,192.168.0.1,172.16.0.20,TCP,2025-01-03T18:32:31,773,BENIGN
flow_18,203.0.113.45,10.0.0.8,TCP,2025-01-03T20:56:48,1036,DDoS
flow_12,172.16.0.9,10.0.0.8,UDP,2025-01-02T20:28:12,1413,DDoS
flow_10,10.0.0.5,172.16.0.20,TCP,2024-12-31T07:21:52,1548,DDoS
flow_15,10.0.0.5,10.0.0.8,TCP,2025-01-03T03:10:21,1031,BENIGN
flow_13,203.0.113.45,172.16.0.20,TCP,2025-01-03T03:01:01,834,BENIGN
flow_14,192.168.0.1,192.168.0.10,UDP,2024-12-29T15:40:39,466,DDoS
flow_17,192.168.0.1,192.168.0.10,TCP,2024-12-29T11:54:59,658,BENIGN
flow_8,192.168.0.1,172.16.0.20,TCP,2025-01-01T22:11:34,973,DDoS
flow_7,10.0.0.5,10.0.0.8,UDP,2025-01-03T14:53:31,827,BENIGN
flow_1,203.0.113.45,192.168.0.10,TCP,2024-12-29T22:37:42,1309,BENIGN
flow_0,172.16.0.9,10.0.0.8,HTTPS,2025-01-02T08:54:04,224,DDoS
flow_14,192.168.0.1,192.168.0.10,UDP,2024-12-30T14:56:07,426,DDoS
flow_2,192.168.0.1,172.16.0.20,UDP,2025-01-02T14:11:35,958,BENIGN
flow_12,172.16.0.9,10.0.0.8,UDP,2025-01-03T22:05:28,1383,DDoS
flow_15,10.0.0.5,10.0.0.8,TCP,2024-12-31T17:51:53,1192,BENIGN
flow_19,10.0.0.5,172.16.0.20,UDP,2024-12-31T04:07:57,496,BENIGN
flow_6,203.0.113.45,192.168.0.10,TCP,2025-01-03T10:04:29,668,DDoS
flow_0,172.16.0.9,10.0.0.8,TCP,2024-12-31T11:16:08,204,DDoS
flow_0,172.16.0.9,10.0.0.8,TCP,2024-12-31T16:57:02,252,DDoS
flow_18,203.0.113.45,10.0.0.8,TCP,2025-01-02T04:35:48,887,DDoS
flow_16,172.16.0.9,172.16.0.20,UDP,2025-01-02T06:30:24,976,DDoS
flow_15,10.0.0.5,10.0.0.8,TCP,2025-01-01T20:57:59,1269,BENIGN
flow_14,192.168.0.1,192.168.0.10,UDP,2024-12-31T18:43:19,437,DDoS
flow_0,172.16.0.9,10.0.0.8,TCP,2024-12-30T21:15:57,236,DDoS
flow_13,203.0.113.45,172.16.0.20,TCP,2024-12-31T23:55:07,758,BENIGN
flow_9,203.0.113.45,192.168.0.10,UDP,2025-01-01T14:50:15,597,BENIGN
flow_2,192.168.0.1,172.16.0.20,UDP,2024-12-29T00:29:12,980,BENIGN
flow_15,10.0.0.5,10.0.0.8,TCP,2024-12-29T14:43:30,1132,BENIGN
flow_6,203.0.113.45,192.168.0.10,TCP,2024-12-29T00:20:21,647,DDoS
flow_5,192.168.0.1,172.16.0.20,TCP,2024-12-30T19:30:03,722,BENIGN
flow_8,192.168.0.1,172.16.0.20,TCP,2024-12-29T07:27:12,1141,DDoS
flow_12,172.16.0.9,10.0.0.8,UDP,2025-01-01T18:27:46,1133,DDoS
flow_15,10.0.0.5,10.0.0.8,TCP,2024-12-31T20:28:54,1261,BENIGN
flow_8,192.168.0.1,172.16.0.20,HTTPS,2025-01-01T16:45:36,924,DDoS
flow_15,10.0.0.5,10.0.0.8,TCP,2024-12-31T22:44:17,1105,BENIGN
flow_11,192.168.0.1,192.168.0.10,TCP,2024-12-30T13:55:33,361,BENIGN
flow_4,172.16.0.9,10.0.0.8,UDP,2025-01-03T10:36:07,1524,DDoS
flow_18,203.0.113.45,10.0.0.8,TCP,2024-12-29T04:54:51,1065,DDoS
flow_14,192.168.0.1,192.168.0.10,UDP,2024-12-30T14:21:49,424,DDoS
flow_16,172.16.0.9,172.16.0.20,UDP,2024-12-29T22:30:12,968,DDoS
flow_2,192.168.0.1,172.16.0.20,UDP,2024-12-30T13:06:07,909,BENIGN
flow_18,203.0.113.45,10.0.0.8,TCP,01-01-2025 00:18,980,DDoS
flow_16,172.16.0.9,172.16.0.20,UDP,2025-01-03T16:18:52,874,DDoS
flow_0,172.16.0.9,10.0.0.8,TCP,2025-01-03T15:50:49,233,DDoS
flow_14,192.168.0.1,192.168.0.10,UDP,2025-01-03T05:08:32,403,DDoS
flow_4,172.16.0.9,10.0.0.8,UDP,2024-12-31T09:50:55,1535,DDoS
flow_7,10.0.0.5,10.0.0.8,UDP,2024-12-30T20:25:38,832,BENIGN
flow_9,203.0.113.45,192.168.0.10,UDP,2024-12-29T09:53:26,602,BENIGN
flow_18,203.0.113.45,10.0.0.8,TCP,2024-12-29T06:17:32,1048,DDoS
flow_2,192.168.0.1,172.16.0.20,UDP,2024-12-31T13:06:01,906,BENIGN
flow_4,172.16.0.9,10.0.0.8,UDP,2024-12-29T12:51:45,1555,DDoS
flow_6,203.0.113.45,192.168.0.10,ICMP,2025-01-03T22:54:55,638,DDoS
flow_2,192.168.0.1,172.16.0.20,UDP,2024-12-29T18:56:23,982,BENIGN
flow_11,192.168.0.1,192.168.0.10,TCP,2025-01-02T12:19:16,354,BENIGN
flow_0,172.16.0.9,10.0.0.8,TCP,2024-12-30T06:56:22,206,DDoS
flow_8,192.168.0.1,172.16.0.20,TCP,2024-12-29T16:24:02,1053,DDoS
flow_12,172.16.0.9,10.0.0.8,UDP,01-01-2025 00:12,1280,DDoS
flow_12,172.16.0.9,10.0.0.8,UDP,2024-12-30T04:33:50,1349,DDoS
flow_12,172.16.0.9,10.0.0.8,UDP,2025-01-01T03:00:26,1357,DDoS
flow_11,192.168.0.1,192.168.0.10,TCP,2025-01-02T07:01:00,364,BENIGN
flow_7,10.0.0.5,10.0.0.8,UDP,2025-01-02T11:05:42,811,BENIGN
flow_19,10.0.0.5,172.16.0.20,UDP,2025-01-03T06:19:02,496,BENIGN
flow_16,172.16.0.9,172.16.0.20,UDP,2025-01-02T22:25:10,780,DDoS
flow_12,172.16.0.9,10.0.0.8,UDP,2025-01-03T20:31:41,1343,DDoS
flow_3,10.0.0.5,192.168.0.10,TCP,2024-12-30T11:42:48,477,DDoS
flow_18,203.0.113.45,10.0.0.8,TCP,2024-12-30T14:25:06,960,DDoS
flow_18,203.0.113.45,10.0.0.8,TCP,2025-01-03T21:25:00,987,DDoS
flow_6,203.0.113.45,192.168.0.10,TCP,2024-12-30T08:28:45,611,DDoS
flow_2,192.168.0.1,172.16.0.20,UDP,2024-12-31T13:39:05,966,BENIGN
flow_6,203.0.113.45,192.168.0.10,TCP,2024-12-30T02:30:42,674,DDoS
flow_12,172.16.0.9,10.0.0.8,UDP,2025-01-02T00:48:40,1163,DDoS
flow_19,10.0.0.5,172.16.0.20,UDP,2024-12-30T22:25:42,483,BENIGN
flow_3,10.0.0.5,192.168.0.10,TCP,2025-01-01T03:16:20,462,DDoS
flow_16,172.16.0.9,172.16.0.20,UDP,2024-12-31T03:08:50,922,DDoS
flow_10,10.0.0.5,172.16.0.20,TCP,2024-12-30T05:13:23,1539,DDoS
flow_3,10.0.0.5,192.168.0.10,TCP,2025-01-02T10:56:37,489,DDoS
flow_18,203.0.113.45,10.0.0.8,TCP,2024-12-31T16:57:06,1058,DDoS
flow_1,203.0.113.45,192.168.0.10,TCP,2024-12-30T11:56:01,1400,BENIGN
flow_6,203.0.113.45,192.168.0.10,TCP,2024-12-29T14:11:55,683,DDoS
flow_14,192.168.0.1,192.168.0.10,UDP,2024-12-30T09:48:37,425,DDoS
flow_19,10.0.0.5,172.16.0.20,UDP,2024-12-30T12:35:32,503,BENIGN
flow_8,192.168.0.1,172.16.0.20,TCP,2025-01-01T08:01:55,1131,DDoS
flow_1,203.0.113.45,192.168.0.10,TCP,2024-12-30T10:06:28,1455,BENIGN
flow_13,203.0.113.45,172.16.0.20,TCP,2024-12-30T00:34:19,717,BENIGN
flow_8,192.168.0.1,172.16.0.20,TCP,2025-01-02T12:09:04,1026,DDoS
flow_5,192.168.0.1,172.16.0.20,TCP,2025-01-01T02:27:12,784,BENIGN
flow_4,172.16.0.9,10.0.0.8,UDP,2025-01-03T01:08:59,1398,DDoS
flow_14,192.168.0.1,192.168.0.10,UDP,2024-12-31T12:10:30,413,DDoS
flow_3,10.0.0.5,192.168.0.10,TCP,2025-01-02T12:42:43,474,DDoS
flow_18,203.0.113.45,10.0.0.8,TCP,2024-12-31T16:50:47,952,DDoS
flow_7,10.0.0.5,10.0.0.8,UDP,2025-01-02T18:08:47,763,BENIGN
flow_17,192.168.0.1,192.168.0.10,TCP,2024-12-30T02:08:28,641,BENIGN
flow_17,192.168.0.1,192.168.0.10,TCP,2025-01-03T20:24:45,644,BENIGN
flow_9,203.0.113.45,192.168.0.10,UDP,2025-01-01T22:37:09,522,BENIGN
flow_2,192.168.0.1,172.16.0.20,UDP,2025-01-02T14:21:51,909,BENIGN
flow_2,192.168.0.1,172.16.0.20,UDP,2025-01-03T17:17:41,965,BENIGN
flow_4,172.16.0.9,10.0.0.8,UDP,2024-12-29T22:10:54,1518,DDoS
flow_1,203.0.113.45,192.168.0.10,ICMP,2025-01-02T15:00:48,1324,BENIGN
flow_10,10.0.0.5,172.16.0.20,TCP,2025-01-02T13:51:47,1313,DDoS
flow_7,10.0.0.5,10.0.0.8,UDP,2024-12-30T13:39:28,813,BENIGN
flow_4,172.16.0.9,10.0.0.8,UDP,2025-01-02T11:12:06,1498,DDoS
flow_16,172.16.0.9,172.16.0.20,UDP,2025-01-01T16:09:17,843,DDoS
flow_3,10.0.0.5,192.168.0.10,TCP,2024-12-31T23:55:47,453,DDoS
flow_11,192.168.0.1,192.168.0.10,TCP,01-01-2025 00:11,360,BENIGN
flow_13,203.0.113.45,172.16.0.20,TCP,2025-01-03T08:48:47,774,BENIGN
flow_11,192.168.0.1,192.168.0.10,TCP,2025-01-03T11:01:22,352,BENIGN
flow_11,192.168.0.1,192.168.0.10,TCP,2024-12-30T16:00:22,376,BENIGN
flow_2,192.168.0.1,172.16.0.20,UDP,2025-01-01T08:33:32,988,BENIGN
flow_3,10.0.0.5,192.168.0.10,TCP,2024-12-31T16:49:47,455,DDoS
flow_7,10.0.0.5,10.0.0.8,UDP,2025-01-01T16:51:54,850,BENIGN
flow_12,172.16.0.9,10.0.0.8,UDP,2024-12-29T13:14:36,1425,DDoS
flow_14,192.168.0.1,192.168.0.10,UDP,2025-01-03T12:53:08,428,DDoS
flow_7,10.0.0.5,10.0.0.8,UDP,2025-01-03T10:07:59,805,BENIGN
flow_16,172.16.0.9,172.16.0.20,UDP,2025-01-01T06:30:54,845,DDoS
flow_5,192.168.0.1,172.16.0.20,TCP,2025-01-02T14:15:52,719,BENIGN
flow_7,10.0.0.5,10.0.0.8,UDP,2024-12-30T02:04:42,802,BENIGN
flow_14,192.168.0.1,192.168.0.10,UDP,2025-01-01T12:56:57,405,DDoS
flow_6,203.0.113.45,192.168.0.10,TCP,2024-12-31T01:53:06,639,DDoS
flow_16,172.16.0.9,172.16.0.20,UDP,2024-12-29T15:12:57,886,DDoS
flow_19,10.0.0.5,172.16.0.20,UDP,2025-01-03T04:35:54,505,BENIGN
flow_17,192.168.0.1,192.168.0.10,TCP,2025-01-02T00:40:24,676,BENIGN
flow_7,10.0.0.5,10.0.0.8,UDP,2024-12-30T17:23:10,826,BENIGN
flow_16,172.16.0.9,172.16.0.20,UDP,2024-12-31T11:34:02,852,DDoS
flow_11,192.168.0.1,192.168.0.10,TCP,2025-01-02T12:00:48,355,BENIGN
flow_11,192.168.0.1,192.168.0.10,TCP,2024-12-31T10:22:53,349,BENIGN
flow_3,10.0.0.5,192.168.0.10,TCP,2024-12-31T13:25:44,458,DDoS
flow_8,192.168.0.1,172.16.0.20,TCP,2025-01-01T21:55:40,1065,DDoS
flow_7,10.0.0.5,10.0.0.8,UDP,2024-12-30T22:43:58,851,BENIGN
flow_1,203.0.113.45,192.168.0.10,TCP,2024-12-29T22:11:14,1403,BENIGN
flow_19,10.0.0.5,172.16.0.20,UDP,2024-12-30T15:43:28,507,BENIGN
flow_9,203.0.113.45,192.168.0.10,UDP,2025-01-01T13:15:44,570,BENIGN
flow_14,192.168.0.1,192.168.0.10,UDP,2024-12-29T15:03:56,412,DDoS
flow_14,192.168.0.1,192.168.0.10,UDP,2025-01-03T23:29:16,464,DDoS
flow_11,192.168.0.1,192.168.0.10,TCP,2024-12-29T18:16:44,369,BENIGN
flow_15,10.0.0.5,10.0.0.8,TCP,01-01-2025 00:15,1200,BENIGN
flow_12,172.16.0.9,10.0.0.8,UDP,2025-01-02T10:03:31,1311,DDoS
flow_11,192.168.0.1,192.168.0.10,TCP,2024-12-30T11:23:17,356,BENIGN
flow_12,172.16.0.9,10.0.0.8,UDP,2024-12-30T19:04:47,1173,DDoS
flow_10,10.0.0.5,172.16.0.20,TCP,2024-12-29T21:28:04,1581,DDoS
flow_8,192.168.0.1,172.16.0.20,TCP,2024-12-31T20:04:16,985,DDoS
flow_15,10.0.0.5,10.0.0.8,TCP,2025-01-02T13:51:14,1181,BENIGN
flow_19,10.0.0.5,172.16.0.20,UDP,2025-01-03T09:05:41,507,BENIGN
flow_19,10.0.0.5,172.16.0.20,UDP,2025-01-01T06:45:35,509,BENIGN
flow_6,203.0.113.45,192.168.0.10,TCP,2024-12-30T11:49:51,690,DDoS
flow_14,192.168.0.1,192.168.0.10,UDP,2025-01-03T01:08:52,438,DDoS
flow_1,203.0.113.45,192.168.0.10,TCP,2025-01-03T18:38:04,1403,BENIGN
flow_8,192.168.0.1,172.16.0.20,TCP,2025-01-03T07:16:46,905,DDoS
flow_3,10.0.0.5,192.168.0.10,TCP,2024-12-31T06:09:53,472,DDoS
flow_3,10.0.0.5,192.168.0.10,TCP,2024-12-29T02:03:09,411,DDoS
flow_4,172.16.0.9,10.0.0.8,UDP,2025-01-02T12:10:54,1445,DDoS
flow_19,10.0.0.5,172.16.0.20,UDP,2024-12-30T21:29:41,524,BENIGN
flow_6,203.0.113.45,192.168.0.10,TCP,2024-12-29T12:37:28,605,DDoS
flow_11,192.168.0.1,192.168.0.10,TCP,2025-01-01T06:39:50,345,BENIGN
flow_10,10.0.0.5,172.16.0.20,TCP,2024-12-29T13:52:25,1439,DDoS
flow_10,10.0.0.5,172.16.0.20,TCP,2025-01-02T03:58:20,1469,DDoS
flow_11,192.168.0.1,192.168.0.10,TCP,2025-01-03T05:46:06,349,BENIGN
flow_1,203.0.113.45,192.168.0.10,TCP,2025-01-01T11:05:04,1353,BENIGN
flow_2,192.168.0.1,172.16.0.20,UDP,2025-01-02T16:32:22,881,BENIGN
flow_2,192.168.0.1,172.16.0.20,UDP,2025-01-02T20:25:17,906,BENIGN
flow_1,203.0.113.45,192.168.0.10,TCP,2025-01-03T02:29:08,1348,BENIGN
flow_16,172.16.0.9,172.16.0.20,UDP,2024-12-30T07:09:37,870,DDoS
flow_0,172.16.0.9,10.0.0.8,TCP,2025-01-01T09:24:08,229,DDoS
flow_14,192.168.0.1,192.168.0.10,UDP,2024-12-29T22:20:43,448,DDoS
flow_2,192.168.0.1,172.16.0.20,UDP,2024-12-30T15:36:29,941,BENIGN
flow_13,203.0.113.45,172.16.0.20,TCP,2024-12-31T08:35:37,819,BENIGN
flow_8,192.168.0.1,172.16.0.20,TCP,2025-01-03T01:36:29,1044,DDoS
flow_4,172.16.0.9,10.0.0.8,UDP,2025-01-01T03:08:35,1359,DDoS
flow_12,172.16.0.9,10.0.0.8,UDP,2025-01-02T00:56:49,1233,DDoS
flow_16,172.16.0.9,172.16.0.20,UDP,2024-12-30T17:22:27,903,DDoS
flow_13,203.0.113.45,172.16.0.20,UDP,2025-01-02T18:46:22,864,BENIGN
flow_1,203.0.113.45,192.168.0.10,TCP,2024-12-31T21:16:03,1394,BENIGN
flow_17,192.168.0.1,192.168.0.10,TCP,2024-12-29T07:45:57,676,BENIGN
flow_0,172.16.0.9,10.0.0.8,HTTPS,2024-12-31T20:54:28,220,DDoS
flow_16,172.16.0.9,172.16.0.20,UDP,2024-12-29T11:28:30,886,DDoS
flow_19,10.0.0.5,172.16.0.20,UDP,2024-12-30T20:22:27,516,BENIGN
flow_1,203.0.113.45,192.168.0.10,HTTPS,2024-12-29T11:35:35,1329,BENIGN
flow_7,10.0.0.5,10.0.0.8,UDP,2025-01-03T12:58:24,822,BENIGN
flow_1,203.0.113.45,192.168.0.10,TCP,2025-01-01T05:40:02,1347,BENIGN
flow_15,10.0.0.5,10.0.0.8,TCP,2025-01-03T14:13:31,1130,BENIGN
flow_8,192.168.0.1,172.16.0.20,TCP,2025-01-03T23:34:21,1028,DDoS
flow_18,203.0.113.45,10.0.0.8,TCP,2025-01-01T21:33:47,1011,DDoS
flow_18,203.0.113.45,10.0.0.8,TCP,2024-12-29T01:50:41,1020,DDoS
flow_4,172.16.0.9,10.0.0.8,UDP,2025-01-01T15:22:00,1617,DDoS
flow_15,10.0.0.5,10.0.0.8,TCP,2024-12-31T07:12:53,1165,BENIGN
flow_3,10.0.0.5,192.168.0.10,TCP,2024-12-31T23:35:31,461,DDoS
flow_10,10.0.0.5,172.16.0.20,TCP,2025-01-03T04:24:17,1439,DDoS
flow_12,172.16.0.9,10.0.0.8,UDP,2025-01-01T23:03:37,1233,DDoS
flow_0,172.16.0.9,10.0.0.8,TCP,2025-01-01T01:39:07,236,DDoS
flow_10,10.0.0.5,172.16.0.20,HTTP,2024-12-31T14:14:03,1544,DDoS
flow_4,172.16.0.9,10.0.0.8,UDP,2024-12-31T05:28:22,1206,DDoS
flow_10,10.0.0.5,172.16.0.20,UDP,2024-12-30T23:49:33,1502,DDoS
flow_13,203.0.113.45,172.16.0.20,TCP,2025-01-01T19:57:19,691,BENIGN
flow_6,203.0.113.45,192.168.0.10,TCP,2024-12-30T23:15:33,638,DDoS
flow_1,203.0.113.45,192.168.0.10,TCP,2024-12-29T19:58:20,1346,BENIGN
flow_17,192.168.0.1,192.168.0.10,TCP,2025-01-02T04:33:12,683,BENIGN
flow_4,172.16.0.9,10.0.0.8,UDP,2025-01-03T22:20:04,1527,DDoS
flow_2,192.168.0.1,172.16.0.20,UDP,2025-01-03T16:05:07,960,BENIGN
flow_5,192.168.0.1,172.16.0.20,TCP,2025-01-03T09:26:53,734,BENIGN
flow_9,203.0.113.45,192.168.0.10,UDP,2025-01-02T20:38:29,608,BENIGN
flow_13,203.0.113.45,172.16.0.20,TCP,2024-12-29T14:26:53,761,BENIGN
flow_2,192.168.0.1,172.16.0.20,UDP,2024-12-30T04:08:46,948,BENIGN
flow_1,203.0.113.45,192.168.0.10,TCP,2024-12-29T19:51:32,1398,BENIGN
flow_19,10.0.0.5,172.16.0.20,UDP,01-01-2025 00:19,510,BENIGN
flow_7,10.0.0.5,10.0.0.8,UDP,2024-12-30T05:25:29,780,BENIGN
flow_4,172.16.0.9,10.0.0.8,UDP,2024-12-29T09:37:40,1673,DDoS
flow_15,10.0.0.5,10.0.0.8,TCP,2025-01-02T03:51:42,1238,BENIGN
flow_5,192.168.0.1,172.16.0.20,TCP,2024-12-29T23:27:08,711,BENIGN
flow_1,203.0.113.45,192.168.0.10,TCP,2024-12-30T08:26:32,1365,BENIGN
flow_8,192.168.0.1,172.16.0.20,TCP,2024-12-31T23:11:53,1083,DDoS
flow_14,192.168.0.1,192.168.0.10,UDP,2025-01-02T05:46:37,423,DDoS
flow_1,203.0.113.45,192.168.0.10,TCP,2024-12-29T19:19:34,1326,BENIGN
flow_7,10.0.0.5,10.0.0.8,UDP,2025-01-03T18:14:34,829,BENIGN
flow_7,10.0.0.5,10.0.0.8,UDP,2024-12-30T23:46:51,807,BENIGN
flow_6,203.0.113.45,192.168.0.10,TCP,2024-12-29T03:27:36,606,DDoS
flow_6,203.0.113.45,192.168.0.10,TCP,2025-01-03T02:34:43,636,DDoS
flow_18,203.0.113.45,10.0.0.8,TCP,2024-12-30T23:12:44,870,DDoS
flow_13,203.0.113.45,172.16.0.20,TCP,2025-01-03T06:49:17,751,BENIGN
flow_0,172.16.0.9,10.0.0.8,TCP,2024-12-31T11:46:00,234,DDoS
flow_0,172.16.0.9,10.0.0.8,TCP,2025-01-03T07:01:59,233,DDoS
flow_7,10.0.0.5,10.0.0.8,UDP,2025-01-02T13:33:06,829,BENIGN
flow_3,10.0.0.5,192.168.0.10,TCP,2024-12-30T13:40:05,444,DDoS
flow_17,192.168.0.1,192.168.0.10,TCP,01-01-2025 00:17,660,BENIGN
flow_13,203.0.113.45,172.16.0.20,TCP,2025-01-03T02:24:33,787,BENIGN
flow_3,10.0.0.5,192.168.0.10,TCP,2025-01-01T06:09:01,460,DDoS
flow_10,10.0.0.5,172.16.0.20,TCP,2025-01-01T22:11:14,1409,DDoS
flow_0,172.16.0.9,10.0.0.8,TCP,2024-12-29T11:58:51,239,DDoS
flow_14,192.168.0.1,192.168.0.10,UDP,2025-01-01T05:34:15,418,DDoS
flow_3,10.0.0.5,192.168.0.10,TCP,2025-01-02T23:09:46,433,DDoS
flow_6,203.0.113.45,192.168.0.10,TCP,2025-01-01T03:31:13,603,DDoS
flow_3,10.0.0.5,192.168.0.10,TCP,2024-12-31T20:05:53,512,DDoS
flow_8,192.168.0.1,172.16.0.20,TCP,2025-01-03T01:23:29,952,DDoS
flow_11,192.168.0.1,192.168.0.10,TCP,2025-01-01T13:06:07,367,BENIGN
flow_10,10.0.0.5,172.16.0.20,TCP,2025-01-01T22:09:59,1529,DDoS
flow_15,10.0.0.5,10.0.0.8,TCP,2024-12-29T02:40:25,1189,BENIGN
flow_2,192.168.0.1,172.16.0.20,UDP,2025-01-01T03:53:10,1034,BENIGN
flow_5,192.168.0.1,172.16.0.20,TCP,2024-12-29T17:37:38,755,BENIGN
flow_8,192.168.0.1,172.16.0.20,TCP,2025-01-03T02:05:05,1022,DDoS
flow_17,192.168.0.1,192.168.0.10,TCP,2025-01-02T01:21:36,630,BENIGN
flow_2,192.168.0.1,172.16.0.20,UDP,2024-12-30T15:17:08,1052,BENIGN
flow_18,203.0.113.45,10.0.0.8,TCP,2024-12-30T11:31:34,986,DDoS
flow_16,172.16.0.9,172.16.0.20,UDP,2024-12-31T14:48:29,896,DDoS
flow_10,10.0.0.5,172.16.0.20,TCP,2024-12-30T19:28:09,1363,DDoS
flow_5,192.168.0.1,172.16.0.20,TCP,2024-12-29T20:40:42,732,BENIGN
flow_10,10.0.0.5,172.16.0.20,TCP,2025-01-01T03:59:52,1496,DDoS
flow_11,192.168.0.1,192.168.0.10,TCP,2024-12-29T21:04:55,385,BENIGN
flow_16,172.16.0.9,172.16.0.20,UDP,01-01-2025 00:16,890,DDoS
flow_12,172.16.0.9,10.0.0.8,UDP,2025-01-01T19:04:24,1396,DDoS
flow_17,192.168.0.1,192.168.0.10,TCP,2024-12-29T13:15:00,619,BENIGN
flow_19,10.0.0.5,172.16.0.20,UDP,2024-12-31T12:48:31,507,BENIGN
flow_16,172.16.0.9,172.16.0.20,UDP,2025-01-01T20:24:55,809,DDoS
flow_6,203.0.113.45,192.168.0.10,TCP,2025-01-02T11:24:33,644,DDoS
flow_8,192.168.0.1,172.16.0.20,TCP,2025-01-02T13:22:38,967,DDoS
flow_5,192.168.0.1,172.16.0.20,TCP,2024-12-30T03:21:06,739,BENIGN
flow_17,192.168.0.1,192.168.0.10,TCP,2025-01-01T13:47:41,660,BENIGN
flow_10,10.0.0.5,172.16.0.20,TCP,2024-12-31T01:22:10,1283,DDoS
flow_5,192.168.0.1,172.16.0.20,TCP,2024-12-29T12:30:28,739,BENIGN
flow_4,172.16.0.9,10.0.0.8,UDP,2024-12-30T08:01:27,1576,DDoS
flow_16,172.16.0.9,172.16.0.20,UDP,2025-01-02T23:26:43,888,DDoS
flow_4,172.16.0.9,10.0.0.8,UDP,2025-01-02T07:35:48,1487,DDoS
flow_3,10.0.0.5,192.168.0.10,TCP,2025-01-01T12:15:15,471,DDoS
flow_19,10.0.0.5,172.16.0.20,UDP,2024-12-30T03:42:02,525,BENIGN
flow_2,192.168.0.1,172.16.0.20,UDP,2024-12-30T16:25:51,934,BENIGN
flow_17,192.168.0.1,192.168.0.10,TCP,2025-01-03T04:54:32,616,BENIGN
flow_3,10.0.0.5,192.168.0.10,TCP,2024-12-29T01:06:36,477,DDoS
flow_16,172.16.0.9,172.16.0.20,UDP,2024-12-30T21:34:26,823,DDoS
flow_4,172.16.0.9,10.0.0.8,UDP,2025-01-03T14:51:47,1408,DDoS
flow_1,203.0.113.45,192.168.0.10,TCP,2024-12-29T13:57:26,1374,BENIGN
flow_4,172.16.0.9,10.0.0.8,UDP,2025-01-03T15:37:24,1403,DDoS
flow_16,172.16.0.9,172.16.0.20,UDP,2025-01-01T05:46:24,892,DDoS
flow_11,192.168.0.1,192.168.0.10,TCP,2024-12-31T05:51:15,341,BENIGN
flow_4,172.16.0.9,10.0.0.8,UDP,2024-12-31T23:41:12,1538,DDoS
flow_14,192.168.0.1,192.168.0.10,UDP,2025-01-02T05:48:42,423,DDoS
flow_17,192.168.0.1,192.168.0.10,TCP,2025-01-01T03:06:10,689,BENIGN
flow_15,10.0.0.5,10.0.0.8,TCP,2025-01-01T08:32:31,1201,BENIGN
flow_13,203.0.113.45,172.16.0.20,TCP,2024-12-31T23:52:40,779,BENIGN
flow_2,192.168.0.1,172.16.0.20,UDP,2025-01-01T15:54:54,1071,BENIGN
flow_17,192.168.0.1,192.168.0.10,TCP,2025-01-03T18:38:20,706,BENIGN
flow_8,192.168.0.1,172.16.0.20,TCP,2025-01-01T20:02:15,1114,DDoS
flow_3,10.0.0.5,192.168.0.10,TCP,2024-12-29T21:09:09,515,DDoS
flow_14,192.168.0.1,192.168.0.10,HTTPS,2025-01-02T22:17:04,455,DDoS
flow_13,203.0.113.45,172.16.0.20,TCP,2025-01-01T08:37:47,750,BENIGN
flow_5,192.168.0.1,172.16.0.20,TCP,2024-12-31T15:46:35,741,BENIGN
flow_19,10.0.0.5,172.16.0.20,UDP,2024-12-29T19:34:54,536,BENIGN
flow_14,192.168.0.1,192.168.0.10,UDP,2025-01-01T06:25:00,448,DDoS
flow_10,10.0.0.5,172.16.0.20,TCP,2024-12-31T19:28:17,1480,DDoS
flow_8,192.168.0.1,172.16.0.20,TCP,2024-12-30T21:55:26,1023,DDoS
flow_6,203.0.113.45,192.168.0.10,HTTPS,2024-12-31T16:06:15,658,DDoS
flow_18,203.0.113.45,10.0.0.8,TCP,2024-12-30T23:02:44,1007,DDoS
flow_18,203.0.113.45,10.0.0.8,TCP,2025-01-01T04:45:58,907,DDoS
flow_1,203.0.113.45,192.168.0.10,TCP,2024-12-29T13:42:16,1306,BENIGN
flow_13,203.0.113.45,172.16.0.20,TCP,2024-12-31T04:23:28,795,BENIGN
flow_8,192.168.0.1,172.16.0.20,TCP,2025-01-03T03:49:28,1037,DDoS
flow_14,192.168.0.1,192.168.0.10,UDP,2024-12-31T17:23:16,416,DDoS
flow_13,203.0.113.45,172.16.0.20,TCP,2024-12-30T15:46:26,801,BENIGN
flow_6,203.0.113.45,192.168.0.10,TCP,2025-01-01T20:50:14,599,DDoS
flow_18,203.0.113.45,10.0.0.8,TCP,2025-01-02T16:28:31,975,DDoS
flow_17,192.168.0.1,192.168.0.10,TCP,2025-01-03T11:07:08,629,BENIGN
flow_3,10.0.0.5,192.168.0.10,TCP,2025-01-02T22:54:27,439,DDoS
flow_18,203.0.113.45,10.0.0.8,TCP,2025-01-01T12:54:23,1044,DDoS
flow_16,172.16.0.9,172.16.0.20,UDP,2025-01-01T16:03:36,924,DDoS
flow_0,172.16.0.9,10.0.0.8,TCP,2024-12-30T23:40:45,238,DDoS
flow_5,192.168.0.1,172.16.0.20,TCP,2024-12-31T14:51:54,704,BENIGN
flow_3,10.0.0.5,192.168.0.10,TCP,2025-01-02T16:27:29,460,DDoS
flow_11,192.168.0.1,192.168.0.10,TCP,2025-01-01T05:44:47,375,BENIGN
flow_8,192.168.0.1,172.16.0.20,TCP,01-01-2025 00:08,1020,DDoS
flow_3,10.0.0.5,192.168.0.10,TCP,2024-12-31T08:20:47,507,DDoS
flow_17,192.168.0.1,192.168.0.10,TCP,2025-01-02T02:33:45,668,BENIGN
flow_7,10.0.0.5,10.0.0.8,UDP,2024-12-30T10:36:08,738,BENIGN
flow_6,203.0.113.45,192.168.0.10,TCP,2025-01-02T09:45:59,586,DDoS
flow_12,172.16.0.9,10.0.0.8,UDP,2025-01-02T21:30:28,1247,DDoS
flow_0,172.16.0.9,10.0.0.8,TCP,2025-01-03T04:00:45,223,DDoS
flow_5,192.168.0.1,172.16.0.20,TCP,2024-12-30T13:07:07,773,BENIGN
flow_0,172.16.0.9,10.0.0.8,TCP,2025-01-03T06:14:29,230,DDoS
flow_3,10.0.0.5,192.168.0.10,UDP,2025-01-02T14:49:15,425,DDoS
flow_1,203.0.113.45,192.168.0.10,TCP,2025-01-02T10:37:58,1352,BENIGN
flow_8,192.168.0.1,172.16.0.20,TCP,2024-12-30T06:11:06,1084,DDoS
flow_10,10.0.0.5,172.16.0.20,TCP,2024-12-31T12:09:30,1439,DDoS
flow_4,172.16.0.9,10.0.0.8,UDP,2024-12-30T17:48:10,1527,DDoS
flow_18,203.0.113.45,10.0.0.8,TCP,2024-12-29T23:20:31,960,DDoS
flow_16,172.16.0.9,172.16.0.20,UDP,2025-01-01T04:39:39,871,DDoS
flow_14,192.168.0.1,192.168.0.10,UDP,2025-01-02T03:01:52,432,DDoS
flow_0,172.16.0.9,10.0.0.8,TCP,2024-12-29T09:57:22,239,DDoS
flow_0,172.16.0.9,10.0.0.8,TCP,2024-12-29T15:05:38,207,DDoS
flow_1,203.0.113.45,192.168.0.10,TCP,2024-12-29T09:40:13,1259,BENIGN
flow_6,203.0.113.45,192.168.0.10,ICMP,2025-01-03T00:21:29,598,DDoS
flow_12,172.16.0.9,10.0.0.8,UDP,2025-01-02T23:10:01,1343,DDoS
flow_0,172.16.0.9,10.0.0.8,TCP,2025-01-02T16:18:04,221,DDoS
flow_5,192.168.0.1,172.16.0.20,TCP,2024-12-31T06:16:44,775,BENIGN
flow_4,172.16.0.9,10.0.0.8,UDP,2025-01-03T14:52:14,1495,DDoS
flow_5,192.168.0.1,172.16.0.20,TCP,2024-12-31T02:39:21,763,BENIGN
flow_12,172.16.0.9,10.0.0.8,UDP,2025-01-01T04:11:18,1287,DDoS
flow_4,172.16.0.9,10.0.0.8,UDP,2025-01-03T15:26:08,1455,DDoS
flow_11,192.168.0.1,192.168.0.10,TCP,2024-12-30T19:54:18,358,BENIGN
flow_11,192.168.0.1,192.168.0.10,TCP,2025-01-02T17:36:10,355,BENIGN
flow_6,203.0.113.45,192.168.0.10,TCP,2025-01-02T05:46:43,653,DDoS
flow_3,10.0.0.5,192.168.0.10,TCP,2024-12-31T10:20:56,473,DDoS
flow_12,172.16.0.9,10.0.0.8,UDP,2024-12-31T07:29:07,1225,DDoS
flow_14,192.168.0.1,192.168.0.10,UDP,2024-12-30T09:43:24,395,DDoS
flow_17,192.168.0.1,192.168.0.10,TCP,2025-01-02T20:29:34,657,BENIGN
flow_2,192.168.0.1,172.16.0.20,UDP,2024-12-30T20:20:13,993,BENIGN
flow_2,192.168.0.1,172.16.0.20,UDP,2024-12-31T04:28:37,943,BENIGN
flow_17,192.168.0.1,192.168.0.10,TCP,2025-01-02T02:47:33,679,BENIGN
flow_16,172.16.0.9,172.16.0.20,UDP,2025-01-03T22:42:06,846,DDoS
flow_19,10.0.0.5,172.16.0.20,UDP,2025-01-03T11:19:38,493,BENIGN
flow_5,192.168.0.1,172.16.0.20,TCP,2025-01-01T19:37:32,749,BENIGN
flow_17,192.168.0.1,192.168.0.10,TCP,2025-01-02T14:10:15,704,BENIGN
flow_6,203.0.113.45,192.168.0.10,TCP,2024-12-31T01:22:38,698,DDoS
flow_11,192.168.0.1,192.168.0.10,TCP,2024-12-29T20:18:35,327,BENIGN
flow_13,203.0.113.45,172.16.0.20,TCP,2025-01-03T18:42:42,873,BENIGN
flow_3,10.0.0.5,192.168.0.10,TCP,2024-12-30T04:02:30,486,DDoS
flow_8,192.168.0.1,172.16.0.20,TCP,2024-12-30T03:57:19,1101,DDoS
flow_12,172.16.0.9,10.0.0.8,UDP,2024-12-30T17:10:25,1275,DDoS
flow_3,10.0.0.5,192.168.0.10,TCP,2025-01-01T17:12:42,423,DDoS
flow_13,203.0.113.45,172.16.0.20,TCP,2024-12-29T13:32:32,727,BENIGN
flow_16,172.16.0.9,172.16.0.20,UDP,2025-01-01T14:24:13,822,DDoS
flow_1,203.0.113.45,192.168.0.10,TCP,2025-01-02T09:12:52,1309,BENIGN
flow_6,203.0.113.45,192.168.0.10,TCP,2024-12-30T08:37:22,590,DDoS
flow_3,10.0.0.5,192.168.0.10,TCP,2024-12-30T14:11:00,481,DDoS
flow_2,192.168.0.1,172.16.0.20,UDP,2025-01-02T09:51:28,893,BENIGN
flow_2,192.168.0.1,172.16.0.20,UDP,2024-12-31T11:26:28,961,BENIGN
flow_14,192.168.0.1,192.168.0.10,UDP,2024-12-29T06:29:24,415,DDoS
flow_13,203.0.113.45,172.16.0.20,TCP,2024-12-30T04:44:44,748,BENIGN
flow_7,10.0.0.5,10.0.0.8,UDP,2025-01-02T03:43:00,791,BENIGN
flow_18,203.0.113.45,10.0.0.8,TCP,2025-01-03T19:16:01,1033,DDoS
flow_4,172.16.0.9,10.0.0.8,UDP,2024-12-31T13:45:23,1427,DDoS
flow_9,203.0.113.45,192.168.0.10,UDP,2025-01-01T21:42:10,521,BENIGN
flow_10,10.0.0.5,172.16.0.20,TCP,2025-01-03T20:43:25,1412,DDoS
flow_19,10.0.0.5,172.16.0.20,UDP,2025-01-03T09:44:52,503,BENIGN
flow_6,203.0.113.45,192.168.0.10,TCP,2025-01-01T12:50:00,710,DDoS
flow_0,172.16.0.9,10.0.0.8,TCP,2025-01-03T19:50:40,221,DDoS
flow_13,203.0.113.45,172.16.0.20,TCP,2025-01-01T05:02:59,788,BENIGN
flow_4,172.16.0.9,10.0.0.8,UDP,2024-12-29T15:16:01,1469,DDoS
flow_3,10.0.0.5,192.168.0.10,TCP,2024-12-29T14:42:52,458,DDoS
flow_19,10.0.0.5,172.16.0.20,UDP,2024-12-30T19:25:36,539,BENIGN
flow_11,192.168.0.1,192.168.0.10,TCP,2025-01-03T07:36:05,352,BENIGN
flow_9,203.0.113.45,192.168.0.10,UDP,2024-12-29T21:38:19,589,BENIGN
flow_0,172.16.0.9,10.0.0.8,TCP,2025-01-02T22:23:55,232,DDoS
flow_12,172.16.0.9,10.0.0.8,UDP,2025-01-02T02:35:21,1375,DDoS
flow_14,192.168.0.1,192.168.0.10,UDP,2024-12-30T03:39:52,445,DDoS
flow_3,10.0.0.5,192.168.0.10,TCP,2025-01-03T14:22:12,466,DDoS
flow_6,203.0.113.45,192.168.0.10,TCP,2025-01-03T04:32:08,682,DDoS
flow_0,172.16.0.9,10.0.0.8,TCP,2025-01-03T02:33:46,237,DDoS
flow_2,192.168.0.1,172.16.0.20,UDP,2024-12-31T04:48:10,928,BENIGN
flow_10,10.0.0.5,172.16.0.20,TCP,2025-01-02T01:41:45,1474,DDoS
flow_1,203.0.113.45,192.168.0.10,TCP,2025-01-03T03:05:27,1351,BENIGN
flow_4,172.16.0.9,10.0.0.8,UDP,2025-01-03T03:23:22,1437,DDoS
flow_14,192.168.0.1,192.168.0.10,UDP,2024-12-31T20:59:17,412,DDoS
flow_9,203.0.113.45,192.168.0.10,UDP,2024-12-31T10:09:25,530,BENIGN
flow_3,10.0.0.5,192.168.0.10,TCP,2025-01-02T04:27:31,439,DDoS
flow_11,192.168.0.1,192.168.0.10,TCP,2025-01-01T14:25:24,352,BENIGN
flow_13,203.0.113.45,172.16.0.20,TCP,2025-01-03T09:11:17,824,BENIGN
flow_4,172.16.0.9,10.0.0.8,UDP,2025-01-01T11:38:59,1481,DDoS
flow_1,203.0.113.45,192.168.0.10,TCP,2024-12-30T21:44:06,1329,BENIGN
flow_10,10.0.0.5,172.16.0.20,TCP,2024-12-30T12:31:02,1424,DDoS
flow_2,192.168.0.1,172.16.0.20,UDP,2025-01-02T20:25:29,992,BENIGN
flow_10,10.0.0.5,172.16.0.20,TCP,2025-01-03T17:23:42,1440,DDoS
flow_13,203.0.113.45,172.16.0.20,TCP,2025-01-02T17:06:35,807,BENIGN
flow_1,203.0.113.45,192.168.0.10,TCP,2025-01-02T01:42:48,1506,BENIGN
flow_8,192.168.0.1,172.16.0.20,TCP,2024-12-31T10:07:26,1017,DDoS
flow_0,172.16.0.9,10.0.0.8,TCP,2024-12-29T09:26:10,221,DDoS
flow_18,203.0.113.45,10.0.0.8,TCP,2024-12-29T17:40:03,997,DDoS
flow_11,192.168.0.1,192.168.0.10,TCP,2025-01-03T16:11:16,369,BENIGN
flow_12,172.16.0.9,10.0.0.8,UDP,2024-12-30T22:37:50,1330,DDoS
flow_5,192.168.0.1,172.16.0.20,TCP,2025-01-02T10:26:20,776,BENIGN
flow_1,203.0.113.45,192.168.0.10,TCP,2025-01-02T04:47:33,1223,BENIGN
flow_10,10.0.0.5,172.16.0.20,TCP,2025-01-03T14:30:15,1545,DDoS
flow_8,192.168.0.1,172.16.0.20,TCP,2024-12-30T10:58:06,928,DDoS
flow_5,192.168.0.1,172.16.0.20,TCP,2025-01-03T07:39:51,744,BENIGN
flow_5,192.168.0.1,172.16.0.20,TCP,2025-01-02T13:57:20,754,BENIGN
flow_12,172.16.0.9,10.0.0.8,UDP,2024-12-31T13:58:47,1308,DDoS
flow_17,192.168.0.1,192.168.0.10,TCP,2024-12-31T09:31:34,635,BENIGN
flow_15,10.0.0.5,10.0.0.8,TCP,2024-12-31T21:04:27,1159,BENIGN
flow_11,192.168.0.1,192.168.0.10,TCP,2025-01-01T04:50:59,377,BENIGN
flow_9,203.0.113.45,192.168.0.10,UDP,2025-01-02T19:06:45,588,BENIGN
flow_2,192.168.0.1,172.16.0.20,UDP,2025-01-03T01:09:16,811,BENIGN
flow_10,10.0.0.5,172.16.0.20,TCP,2025-01-03T02:46:52,1488,DDoS
flow_3,10.0.0.5,192.168.0.10,TCP,2025-01-01T02:18:32,410,DDoS
flow_17,192.168.0.1,192.168.0.10,TCP,2025-01-03T08:03:04,668,BENIGN
flow_11,192.168.0.1,192.168.0.10,HTTPS,2024-12-30T01:42:37,362,BENIGN
flow_8,192.168.0.1,172.16.0.20,TCP,2024-12-31T16:10:06,964,DDoS
flow_15,10.0.0.5,10.0.0.8,TCP,2025-01-03T11:57:52,1127,BENIGN
flow_8,192.168.0.1,172.16.0.20,TCP,2024-12-29T19:28:01,982,DDoS
flow_16,172.16.0.9,172.16.0.20,UDP,2024-12-30T05:02:26,940,DDoS
flow_17,192.168.0.1,192.168.0.10,TCP,2025-01-02T18:47:48,600,BENIGN
flow_9,203.0.113.45,192.168.0.10,UDP,2025-01-02T23:46:16,563,BENIGN
flow_3,10.0.0.5,192.168.0.10,TCP,2024-12-30T16:26:35,504,DDoS
flow_8,192.168.0.1,172.16.0.20,TCP,2024-12-29T19:28:55,1107,DDoS
flow_0,172.16.0.9,10.0.0.8,TCP,2025-01-03T22:07:37,233,DDoS
flow_8,192.168.0.1,172.16.0.20,TCP,2025-01-02T22:12:38,1063,DDoS
flow_1,203.0.113.45,192.168.0.10,TCP,2025-01-02T16:39:18,1238,BENIGN
flow_14,192.168.0.1,192.168.0.10,UDP,2025-01-02T20:07:09,433,DDoS
flow_10,10.0.0.5,172.16.0.20,TCP,2025-01-01T15:28:25,1423,DDoS
flow_7,10.0.0.5,10.0.0.8,UDP,2025-01-02T17:01:27,822,BENIGN
flow_2,192.168.0.1,172.16.0.20,UDP,2024-12-30T07:56:39,874,BENIGN
flow_5,192.168.0.1,172.16.0.20,TCP,2024-12-31T08:44:49,752,BENIGN
flow_8,192.168.0.1,172.16.0.20,TCP,2024-12-30T11:02:41,1077,DDoS
flow_9,203.0.113.45,192.168.0.10,UDP,2024-12-31T09:30:59,542,BENIGN
flow_8,192.168.0.1,172.16.0.20,TCP,2024-12-29T15:45:29,958,DDoS
flow_7,10.0.0.5,10.0.0.8,UDP,2024-12-31T06:02:25,833,BENIGN
flow_13,203.0.113.45,172.16.0.20,TCP,2025-01-03T01:17:27,777,BENIGN
flow_4,172.16.0.9,10.0.0.8,UDP,2025-01-01T01:59:57,1429,DDoS
flow_5,192.168.0.1,172.16.0.20,TCP,2025-01-03T23:44:05,678,BENIGN
flow_9,203.0.113.45,192.168.0.10,UDP,2024-12-29T10:12:10,553,BENIGN
flow_14,192.168.0.1,192.168.0.10,UDP,2025-01-01T12:08:02,426,DDoS
flow_18,203.0.113.45,10.0.0.8,TCP,2024-12-30T15:06:39,975,DDoS
flow_18,203.0.113.45,10.0.0.8,TCP,2025-01-01T20:10:58,967,DDoS
flow_19,10.0.0.5,172.16.0.20,UDP,2024-12-31T01:02:35,507,BENIGN
flow_9,203.0.113.45,192.168.0.10,UDP,2025-01-03T12:58:29,596,BENIGN
flow_15,10.0.0.5,10.0.0.8,TCP,2025-01-02T11:20:17,1138,BENIGN
flow_17,192.168.0.1,192.168.0.10,TCP,2024-12-31T13:27:04,680,BENIGN
flow_4,172.16.0.9,10.0.0.8,UDP,2025-01-01T00:09:42,1577,DDoS
flow_0,172.16.0.9,10.0.0.8,TCP,2024-12-29T13:50:15,228,DDoS
flow_2,192.168.0.1,172.16.0.20,UDP,2025-01-01T13:06:51,954,BENIGN
flow_13,203.0.113.45,172.16.0.20,TCP,2024-12-30T18:14:15,771,BENIGN
flow_4,172.16.0.9,10.0.0.8,UDP,2024-12-30T17:04:04,1299,DDoS
flow_4,172.16.0.9,10.0.0.8,UDP,01-01-2025 00:04,1480,DDoS
flow_1,203.0.113.45,192.168.0.10,TCP,2025-01-02T12:05:39,1461,BENIGN
flow_13,203.0.113.45,172.16.0.20,TCP,2025-01-03T08:38:00,779,BENIGN
flow_3,10.0.0.5,192.168.0.10,UDP,2025-01-02T19:10:47,469,DDoS
flow_10,10.0.0.5,172.16.0.20,TCP,2025-01-02T04:02:11,1383,DDoS
flow_10,10.0.0.5,172.16.0.20,TCP,2024-12-30T19:50:45,1463,DDoS
flow_12,172.16.0.9,10.0.0.8,UDP,2025-01-02T01:47:24,1205,DDoS
flow_9,203.0.113.45,192.168.0.10,UDP,2024-12-31T16:18:06,599,BENIGN
flow_10,10.0.0.5,172.16.0.20,ICMP,2025-01-01T21:57:32,1302,DDoS
flow_4,172.16.0.9,10.0.0.8,UDP,2025-01-03T02:01:54,1436,DDoS
flow_4,172.16.0.9,10.0.0.8,UDP,2025-01-02T11:47:19,1543,DDoS
flow_18,203.0.113.45,10.0.0.8,TCP,2025-01-02T19:54:38,954,DDoS
flow_0,172.16.0.9,10.0.0.8,TCP,2024-12-30T10:19:14,234,DDoS
flow_7,10.0.0.5,10.0.0.8,UDP,2025-01-03T18:37:17,831,BENIGN
flow_15,10.0.0.5,10.0.0.8,TCP,2025-01-03T15:07:49,1143,BENIGN
flow_10,10.0.0.5,172.16.0.20,TCP,2024-12-30T22:25:18,1473,DDoS
flow_10,10.0.0.5,172.16.0.20,TCP,2024-12-29T18:52:31,1379,DDoS
flow_11,192.168.0.1,192.168.0.10,TCP,2024-12-29T00:37:05,363,BENIGN
flow_0,172.16.0.9,10.0.0.8,TCP,2025-01-01T20:30:36,221,DDoS
flow_2,192.168.0.1,172.16.0.20,UDP,2024-12-31T14:29:51,1026,BENIGN
flow_7,10.0.0.5,10.0.0.8,UDP,2025-01-02T18:36:47,787,BENIGN
flow_17,192.168.0.1,192.168.0.10,TCP,2024-12-31T03:20:06,702,BENIGN
flow_2,192.168.0.1,172.16.0.20,UDP,2025-01-01T12:10:07,1032,BENIGN
flow_11,192.168.0.1,192.168.0.10,TCP,2024-12-29T07:14:02,348,BENIGN
flow_10,10.0.0.5,172.16.0.20,TCP,2025-01-01T16:19:35,1400,DDoS
flow_18,203.0.113.45,10.0.0.8,TCP,2024-12-30T00:03:12,1041,DDoS
flow_16,172.16.0.9,172.16.0.20,UDP,2024-12-30T17:30:35,883,DDoS
flow_0,172.16.0.9,10.0.0.8,TCP,2025-01-02T07:54:43,231,DDoS
flow_3,10.0.0.5,192.168.0.10,TCP,2024-12-31T16:54:58,438,DDoS
flow_9,203.0.113.45,192.168.0.10,UDP,2024-12-31T11:55:55,530,BENIGN
flow_8,192.168.0.1,172.16.0.20,TCP,2025-01-03T20:46:22,1085,DDoS
flow_13,203.0.113.45,172.16.0.20,TCP,2025-01-03T18:14:34,751,BENIGN
flow_8,192.168.0.1,172.16.0.20,TCP,2025-01-03T16:18:47,1021,DDoS
flow_8,192.168.0.1,172.16.0.20,TCP,2025-01-02T19:13:28,1104,DDoS
flow_8,192.168.0.1,172.16.0.20,TCP,2024-12-29T20:56:41,1096,DDoS
flow_7,10.0.0.5,10.0.0.8,UDP,2025-01-01T21:57:25,945,BENIGN
flow_8,192.168.0.1,172.16.0.20,TCP,2024-12-31T00:40:51,1055,DDoS
flow_4,172.16.0.9,10.0.0.8,UDP,2025-01-01T04:46:43,1485,DDoS
flow_9,203.0.113.45,192.168.0.10,UDP,2024-12-31T17:50:58,551,BENIGN
flow_8,192.168.0.1,172.16.0.20,TCP,2025-01-02T06:06:28,978,DDoS
flow_17,192.168.0.1,192.168.0.10,TCP,2025-01-03T14:27:15,656,BENIGN
flow_16,172.16.0.9,172.16.0.20,UDP,2024-12-31T14:39:21,903,DDoS
flow_12,172.16.0.9,10.0.0.8,TCP,2024-12-31T02:08:57,1321,DDoS
flow_17,192.168.0.1,192.168.0.10,TCP,2025-01-03T12:31:26,676,BENIGN
flow_14,192.168.0.1,192.168.0.10,UDP,01-01-2025 00:14,430,DDoS
flow_0,172.16.0.9,10.0.0.8,TCP,2025-01-03T09:10:22,240,DDoS
flow_10,10.0.0.5,172.16.0.20,TCP,2025-01-02T00:25:00,1511,DDoS
flow_16,172.16.0.9,172.16.0.20,UDP,2024-12-30T10:18:09,875,DDoS
flow_17,192.168.0.1,192.168.0.10,TCP,2025-01-01T10:30:15,698,BENIGN
flow_7,10.0.0.5,10.0.0.8,UDP,2025-01-03T05:11:01,858,BENIGN
flow_7,10.0.0.5,10.0.0.8,UDP,2024-12-31T16:00:43,906,BENIGN
flow_19,10.0.0.5,172.16.0.20,UDP,2025-01-03T22:07:23,543,BENIGN
flow_3,10.0.0.5,192.168.0.10,TCP,2024-12-29T12:51:20,463,DDoS
flow_7,10.0.0.5,10.0.0.8,UDP,2024-12-29T12:44:17,774,BENIGN
flow_10,10.0.0.5,172.16.0.20,TCP,2024-12-31T06:22:12,1501,DDoS
flow_18,203.0.113.45,10.0.0.8,UDP,2024-12-30T06:12:40,976,DDoS
flow_3,10.0.0.5,192.168.0.10,TCP,2024-12-31T01:38:02,452,DDoS
flow_4,172.16.0.9,10.0.0.8,UDP,2024-12-30T08:36:13,1509,DDoS
flow_9,203.0.113.45,192.168.0.10,UDP,2024-12-29T09:57:05,580,BENIGN
flow_17,192.168.0.1,192.168.0.10,TCP,2024-12-29T05:20:52,653,BENIGN
flow_16,172.16.0.9,172.16.0.20,UDP,2025-01-03T11:34:33,868,DDoS
flow_12,172.16.0.9,10.0.0.8,UDP,2025-01-02T18:14:39,1269,DDoS
flow_4,172.16.0.9,10.0.0.8,UDP,2024-12-29T19:16:46,1426,DDoS
flow_5,192.168.0.1,172.16.0.20,TCP,2025-01-03T14:42:57,771,BENIGN
flow_4,172.16.0.9,10.0.0.8,UDP,2025-01-02T00:50:31,1493,DDoS
flow_12,172.16.0.9,10.0.0.8,UDP,2025-01-01T01:01:27,1202,DDoS
flow_9,203.0.113.45,192.168.0.10,UDP,2025-01-03T00:48:00,552,BENIGN
flow_2,192.168.0.1,172.16.0.20,UDP,2024-12-31T20:39:03,935,BENIGN
flow_15,10.0.0.5,10.0.0.8,UDP,2025-01-02T06:42:51,1204,BENIGN
flow_9,203.0.113.45,192.168.0.10,HTTP,2024-12-30T02:12:12,542,BENIGN
flow_17,192.168.0.1,192.168.0.10,TCP,2025-01-03T19:42:12,685,BENIGN
flow_16,172.16.0.9,172.16.0.20,UDP,2025-01-02T10:58:45,827,DDoS
flow_12,172.16.0.9,10.0.0.8,UDP,2025-01-01T23:07:45,1312,DDoS
flow_15,10.0.0.5,10.0.0.8,TCP,2024-12-30T14:54:05,1072,BENIGN
flow_2,192.168.0.1,172.16.0.20,UDP,2024-12-30T04:47:56,982,BENIGN
flow_15,10.0.0.5,10.0.0.8,TCP,2024-12-29T17:10:14,1244,BENIGN
flow_8,192.168.0.1,172.16.0.20,TCP,2024-12-31T23:54:48,918,DDoS
flow_2,192.168.0.1,172.16.0.20,UDP,2024-12-29T12:01:25,946,BENIGN
flow_13,203.0.113.45,172.16.0.20,TCP,2024-12-31T20:40:38,724,BENIGN
flow_4,172.16.0.9,10.0.0.8,UDP,2024-12-29T23:23:10,1483,DDoS
flow_8,192.168.0.1,172.16.0.20,TCP,2025-01-01T22:07:12,986,DDoS
flow_1,203.0.113.45,192.168.0.10,TCP,01-01-2025 00:01,1315,BENIGN
flow_11,192.168.0.1,192.168.0.10,TCP,2025-01-03T02:37:15,360,BENIGN
flow_5,192.168.0.1,172.16.0.20,TCP,2025-01-01T09:10:29,727,BENIGN
flow_5,192.168.0.1,172.16.0.20,TCP,2025-01-01T05:40:42,717,BENIGN
flow_3,10.0.0.5,192.168.0.10,TCP,2024-12-29T03:14:03,502,DDoS
flow_18,203.0.113.45,10.0.0.8,TCP,2025-01-02T18:41:59,967,DDoS
flow_10,10.0.0.5,172.16.0.20,TCP,2025-01-02T05:00:17,1480,DDoS
flow_3,10.0.0.5,192.168.0.10,TCP,2024-12-30T21:08:24,445,DDoS
flow_12,172.16.0.9,10.0.0.8,UDP,2025-01-03T09:19:57,1241,DDoS
flow_2,192.168.0.1,172.16.0.20,UDP,2025-01-01T03:39:20,907,BENIGN
flow_4,172.16.0.9,10.0.0.8,UDP,2025-01-03T22:23:37,1478,DDoS
flow_9,203.0.113.45,192.168.0.10,UDP,2025-01-02T14:53:59,494,BENIGN
flow_16,172.16.0.9,172.16.0.20,UDP,2024-12-31T14:44:20,891,DDoS
flow_19,10.0.0.5,172.16.0.20,UDP,2025-01-03T20:07:58,542,BENIGN
flow_3,10.0.0.5,192.168.0.10,TCP,2024-12-30T20:35:16,425,DDoS
flow_9,203.0.113.45,192.168.0.10,UDP,2025-01-01T19:09:45,504,BENIGN
flow_0,172.16.0.9,10.0.0.8,TCP,2025-01-01T04:28:04,235,DDoS
flow_2,192.168.0.1,172.16.0.20,UDP,2025-01-03T05:39:01,835,BENIGN
flow_18,203.0.113.45,10.0.0.8,TCP,2024-12-31T08:48:04,960,DDoS
flow_13,203.0.113.45,172.16.0.20,TCP,01-01-2025 00:13,770,BENIGN
flow_19,10.0.0.5,172.16.0.20,UDP,2024-12-29T06:49:17,483,BENIGN
flow_3,10.0.0.5,192.168.0.10,TCP,2024-12-29T10:42:51,472,DDoS
flow_16,172.16.0.9,172.16.0.20,UDP,2025-01-03T00:09:03,920,DDoS
flow_11,192.168.0.1,192.168.0.10,TCP,2024-12-31T23:19:01,325,BENIGN
flow_1,203.0.113.45,192.168.0.10,TCP,2025-01-03T21:09:58,1223,BENIGN
flow_5,192.168.0.1,172.16.0.20,TCP,2024-12-30T04:34:34,822,BENIGN
flow_16,172.16.0.9,172.16.0.20,UDP,2024-12-29T14:46:34,935,DDoS
flow_9,203.0.113.45,192.168.0.10,ICMP,2025-01-02T19:44:46,563,BENIGN
flow_1,203.0.113.45,192.168.0.10,TCP,2025-01-03T06:37:50,1368,BENIGN
flow_14,192.168.0.1,192.168.0.10,UDP,2025-01-01T06:48:38,434,DDoS
flow_14,192.168.0.1,192.168.0.10,UDP,2025-01-02T02:43:45,412,DDoS
flow_2,192.168.0.1,172.16.0.20,UDP,2024-12-31T14:54:48,807,BENIGN
flow_1,203.0.113.45,192.168.0.10,TCP,2025-01-03T00:35:19,1356,BENIGN
flow_1,203.0.113.45,192.168.0.10,TCP,2024-12-30T05:06:05,1336,BENIGN
flow_18,203.0.113.45,10.0.0.8,TCP,2024-12-30T06:40:28,990,DDoS
flow_13,203.0.113.45,172.16.0.20,TCP,2025-01-02T17:29:12,701,BENIGN
flow_8,192.168.0.1,172.16.0.20,TCP,2024-12-29T17:12:21,1007,DDoS
flow_14,192.168.0.1,192.168.0.10,UDP,2025-01-01T19:18:09,423,DDoS
flow_11,192.168.0.1,192.168.0.10,HTTP,2024-12-29T09:45:54,378,BENIGN
flow_12,172.16.0.9,10.0.0.8,UDP,2024-12-29T09:50:41,1321,DDoS
flow_10,10.0.0.5,172.16.0.20,TCP,2025-01-02T08:42:57,1435,DDoS
flow_7,10.0.0.5,10.0.0.8,UDP,2024-12-29T06:36:47,854,BENIGN
flow_18,203.0.113.45,10.0.0.8,TCP,2024-12-31T11:58:00,968,DDoS
flow_4,172.16.0.9,10.0.0.8,UDP,2024-12-31T13:43:23,1471,DDoS
flow_17,192.168.0.1,192.168.0.10,TCP,2025-01-03T03:38:08,662,BENIGN
flow_11,192.168.0.1,192.168.0.10,TCP,2025-01-02T05:49:05,377,BENIGN
flow_14,192.168.0.1,192.168.0.10,UDP,2024-12-30T10:30:11,461,DDoS
flow_14,192.168.0.1,192.168.0.10,UDP,2025-01-01T16:52:54,414,DDoS
flow_18,203.0.113.45,10.0.0.8,TCP,2025-01-03T09:38:59,1042,DDoS
flow_7,10.0.0.5,10.0.0.8,UDP,2024-12-31T20:41:51,883,BENIGN
flow_5,192.168.0.1,172.16.0.20,TCP,2025-01-02T04:30:15,652,BENIGN
flow_10,10.0.0.5,172.16.0.20,TCP,2024-12-30T16:12:53,1501,DDoS
flow_17,192.168.0.1,192.168.0.10,TCP,2024-12-31T08:24:05,573,BENIGN
flow_15,10.0.0.5,10.0.0.8,TCP,2024-12-30T17:41:35,1110,BENIGN
flow_3,10.0.0.5,192.168.0.10,TCP,2025-01-03T19:28:46,445,DDoS
flow_5,192.168.0.1,172.16.0.20,TCP,2024-12-30T20:59:27,704,BENIGN
flow_12,172.16.0.9,10.0.0.8,UDP,2024-12-29T22:19:12,1233,DDoS
flow_17,192.168.0.1,192.168.0.10,TCP,2024-12-29T20:09:17,675,BENIGN
flow_6,203.0.113.45,192.168.0.10,UDP,2025-01-02T12:58:29,572,DDoS
flow_6,203.0.113.45,192.168.0.10,TCP,2024-12-31T07:23:22,612,DDoS
flow_15,10.0.0.5,10.0.0.8,TCP,2025-01-01T02:31:07,1235,BENIGN
flow_8,192.168.0.1,172.16.0.20,TCP,2024-12-29T08:21:19,1091,DDoS
flow_3,10.0.0.5,192.168.0.10,TCP,2025-01-03T09:13:01,444,DDoS
flow_5,192.168.0.1,172.16.0.20,TCP,2025-01-01T14:44:20,712,BENIGN
flow_10,10.0.0.5,172.16.0.20,TCP,2024-12-30T09:39:52,1472,DDoS
flow_18,203.0.113.45,10.0.0.8,TCP,2025-01-03T04:14:36,984,DDoS
flow_0,172.16.0.9,10.0.0.8,TCP,2024-12-31T21:15:50,194,DDoS
flow_3,10.0.0.5,192.168.0.10,TCP,2024-12-31T23:28:39,449,DDoS
flow_10,10.0.0.5,172.16.0.20,TCP,2024-12-30T12:14:26,1387,DDoS
flow_10,10.0.0.5,172.16.0.20,TCP,2024-12-31T15:55:32,1491,DDoS
flow_14,192.168.0.1,192.168.0.10,UDP,2024-12-30T01:19:45,438,DDoS
flow_12,172.16.0.9,10.0.0.8,UDP,2025-01-03T18:45:02,1217,DDoS
flow_13,203.0.113.45,172.16.0.20,TCP,2025-01-03T02:48:31,827,BENIGN
flow_14,192.168.0.1,192.168.0.10,UDP,2024-12-31T12:04:06,428,DDoS
flow_17,192.168.0.1,192.168.0.10,HTTP,2025-01-02T18:06:59,659,BENIGN
flow_13,203.0.113.45,172.16.0.20,TCP,2024-12-31T07:40:10,777,BENIGN
flow_4,172.16.0.9,10.0.0.8,UDP,2024-12-29T12:33:11,1543,DDoS
flow_3,10.0.0.5,192.168.0.10,TCP,2025-01-02T15:29:58,445,DDoS
flow_6,203.0.113.45,192.168.0.10,TCP,2024-12-31T11:38:47,659,DDoS
flow_18,203.0.113.45,10.0.0.8,TCP,2024-12-29T17:25:04,956,DDoS
flow_2,192.168.0.1,172.16.0.20,UDP,2024-12-30T21:55:46,1034,BENIGN
flow_2,192.168.0.1,172.16.0.20,UDP,2024-12-29T12:58:03,963,BENIGN
flow_0,172.16.0.9,10.0.0.8,TCP,2025-01-02T21:28:52,239,DDoS
flow_19,10.0.0.5,172.16.0.20,UDP,2025-01-03T21:14:23,479,BENIGN
flow_10,10.0.0.5,172.16.0.20,TCP,2024-12-29T16:32:37,1522,DDoS
